# class	parent	name:type ... - read out of each task class's LoadFromXML in FarCry2_server (see docs/docs/engine-internals/ai.md)
CAction	CTask
CAgentAction	CAction
CAgentDecision	CDecision
CAgentScanner	CScanner
CBlueprintDecision	CDecision	DecisionToUse:bool
CBrain	CPlan
CBrainAnimal	CBrain
CBrainAnimalAlert	CBrain
CBrainAnimalIdle	CBrain
CBrainBlackboardSelector	CBrain	factSelectableNameIN:fact	defaultSelectedTaskName:fact
CBrainBoat	CBrain
CBrainBuddyBase	CBrain
CBrainDomino	CBrain
CBrainDrone	CBrain
CBrainLayeredPatrol	CBrain
CBrainMerc	CBrain
CBrainMercAlert	CBrain
CBrainMercCombat	CBrain	KillRange:float	ShortRange:float	MediumRange:float	LongRange:float	OutRange:float	SnipingRange:float	mercTargetNameFactName:fact
CBrainMercDead	CBrain
CBrainMercIdle	CBrain
CBrainMercSocial	CBrain
CBrainMercSocialBehavior	CBrain
CBrainMercSpecial	CBrain
CBrainMercThreshold	CBrain
CBrainMercThresholdHealthRescuer	CBrain
CBrainMercThresholdHealthVictim	CBrain
CBrainMercVehicle	CBrain	SpecialPassenger:bool
CBrainSimple	CBrain
CBrainSmartTerrain	CBrain
CBrainSpecialCharacter	CBrain
CBrainStoopidMerc	CBrain
CBrainVehicle	CBrain
CBrainVehicleCombat	CBrain
CDecision	CTask
CPatrolBrain	CBrain	loopingPatrol:bool
CPawnAction	CAgentAction
CPawnDecision	CAgentDecision
CPlan	CAction
CPlayActionBrain	CBrain	isLayeredAction:bool
CScanner	CTask
CScannerAgentAimingAt	CScanner	checkIfAimingAtMe:bool	aimAtDuration:float
CScannerAgentHasRaisedWeapon	CScanner
CScannerAgentIsVisible	CScanner	checkIsVisible:bool	checkDuration:float	Agent:fact
CScannerAgentSocialProximity	CScanner	checkIsInside:bool	checkDuration:float	socialProximityType:int
CScannerAgentStaredown	CScanner	staredownDuration:float
CScannerAimStrategy	CScanner
CScannerAnimalObstacleAhead	CScanner
CScannerAnimalThreatChanged	CScanner
CScannerAnimalThreatened	CScanner
CScannerArmyMemberState	CScanner
CScannerBestTargetChangedPos	CScanner	KeepTrackOf:fact	DistTolerance:float
CScannerBlackboardFact	CScanner	factNameIN:fact	operationType:int
CScannerCanDisableSTPDynamicAvoidance	CScanner
CScannerCheckValue	CScanner	OptionalFact:fact	OptionalFactValue:fact	SourceValueFactName:fact	TargetValueFactName:fact	SourceValue:float	TargetValue:float	IsGreaterThan:bool
CScannerDead	CScanner	targetObjectName:fact	targetDeadFactName:fact	checkBuddyDown:bool
CScannerDominoEvent	CScanner	IsPlayAnimCase:bool
CScannerEmotionStrategy	CScanner
CScannerFactExist	CScanner	factName:fact	checkExistance:bool	useWorldBlackboard:bool	UseFlagField:bool	BlackboardType:int	FlagFieldType:int	FlagFieldValue:int	ArmyFlagFieldValue:int
CScannerFireProximity	CScanner	FireDistTrigger:float
CScannerFireStrategy	CScanner
CScannerInFOV	CScanner	CheckIsInside:bool	FOV_Type:int	targetPos:position	FOVOverride:float
CScannerInterestLookAtType	CScanner
CScannerIsAIShootMeObjectValid	CScanner	checkIsValid:bool	ShootMeObject:int
CScannerIsInBuilding	CScanner	targetFactName:fact	outBuildingFactName:fact	checkTargetBuilding:bool
CScannerIsInDistance	CScanner	InDistance:float	RefPosFactName:fact	smartPostion:position	CheckIsInside:bool	InDistanceFactName:fact	Trigger1FactName:fact	Trigger2FactName:fact
CScannerIsInVehicle	CScanner	factPawnAgentId:fact	vehicleType:int	functionalVehicleOnly:bool	movingVehicleOnly:bool	minMovingSpeed:float	invertResult:bool	checkDelay:float	outFactVehicleAgentId:fact
CScannerIsPosOnBarge	CScanner	Position:position	InvertTest:bool	TestDeathZone:bool
CScannerIsRotatedTowardsPos	CScanner	Position:position	AngleTolerance:float	UseChestDirection:bool
CScannerIsUnderFire	CScanner	TimeTolerance:float
CScannerLookStrategy	CScanner
CScannerMovingPosition	CScanner	position:position	distTolerance:float	timeTolerance:float	invertResult:bool
CScannerMutualGreeting	CScanner
CScannerNewTargetNeeded	CScanner	currentTarget:fact	IgnoreTargetLost:bool	BestTargetSelectionHeuristic:int
CScannerPawnSenses	CScanner	CombinationType:bool	PlayerVisibility:struct	PlayerSocialProximity:struct	PlayerAimingAt:struct	PlayerHasRaisedWeapon:struct	PlayerStaring:struct	PlayerIsInDistance:struct	SocialCombatDetected:struct	ArmyMemberIsInDistance:struct
CScannerRiskPoint	CScanner	factRiskPointOUT:fact
CScannerSideLookOpening	CScanner
CScannerSocialBehavior	CScanner
CScannerSocialRegion	CScanner	Who:bool	checkIsInside:bool	checkDuration:float	socialRegionType:int
CScannerSpecialStrategy	CScanner
CScannerTargetVisible	CScanner	checkThatTargetIsVisible:bool	targetObjectName:fact	Target:position	CheckSixthSense:bool
CScannerThresholdCross	CScanner
CScannerVehicleIntruderAboard	CScanner
CScannerVehicleIsFunctional	CVehicleScanner
CScannerVehicleMergePosReached	CVehicleScanner
CScannerVehiclePierAnchor	CScanner	AnchorPosFactName:fact
CScannerVehicleStandBy	CScanner	CheckIsInStandBy:bool
CScannerVisualThreat	CScanner	targetObjectName:fact
CScannerWalkDistance	CScanner	DistanceWalk:float	CheckWalkDistFromStart:bool	ThresholdValue:float
CTask		Name:fact	Looping:bool	Independent:bool
CTaskActivateInfamyPose	CAction	Activate:bool
CTaskActivateSocialSTP	CAction	activateSTP:bool
CTaskAimAt	CAction	aimAtSmartPos:position
CTaskAnimalPathFollow	CAction	Acceleration:int	Deceleration:int	Speed:int
CTaskAttackStrategy	CDecision	Target:fact	Leader:fact	CanUseVehicle:bool	CanUseMounted:bool	IsUnderFire:bool	Role:int
CTaskBreakSocialPair	CAction
CTaskBroadcastStims	CAction	type:int	level:uint	detail:fact	radius:float	falloff:bool	falloffMinLevel:uint	broadcastToAllAI:bool
CTaskBuddyDown	CDecision	ChooseBuddyDownTask:int	positionToValidate:position
CTaskCalcLineDist	CAction	startVector:fact	endVector:fact	endTarget:fact	reduceLength:float	lineLengthOUT:fact
CTaskChase	CAction	destination:position	minimumDistance:float	maximumDistance:float	CheckSight:bool
CTaskCheckActionSignal	CAction	actionSignal:fact	actionSignalGroup:fact	taskFunction:int	CheckWho:fact
CTaskCheckAimStrategy	CDecision
CTaskCheckAmmoStatus	CDecision
CTaskCheckAnimalCanTryAnotherRunAwayDestination	CDecision
CTaskCheckAnimalThreaten	CDecision
CTaskCheckArmyRole	CDecision
CTaskCheckArmyRoleAction	CDecision
CTaskCheckBlindCombatLevel	CDecision
CTaskCheckBuildingEntry	CDecision	entranceFactName:fact
CTaskCheckCanRescue	CDecision
CTaskCheckCombatMercInRadius	CDecision	radiusDistanceFactName:fact	previousMercCountFactName:fact	includeAlertedMercFactName:fact
CTaskCheckCoverDist	CDecision	CoverCloseDistance:float	CoverFarDistance:float	CoverFactName:fact
CTaskCheckCurrentSocialOccupation	CDecision
CTaskCheckCurrentWeapon	CDecision
CTaskCheckDifficultyLevel	CDecision	AdaptiveBehavior:int
CTaskCheckDisturbanceType	CDecision
CTaskCheckDominoData	CDecision
CTaskCheckEmotionStrategy	CDecision
CTaskCheckFactExist	CDecision	factNameIN:fact	useWorldBlackboard:bool	BlackboardType:int	checkType:int	factValue:fact	factValue:position
CTaskCheckFireProximity	CDecision	FireDistTrigger:float
CTaskCheckFireRange	CDecision
CTaskCheckFireStrategy	CDecision
CTaskCheckIdleBehavior	CDecision
CTaskCheckInterestLookAtType	CDecision
CTaskCheckIsInBuilding	CDecision	targetFactName:fact	position:position	outBuildingFactName:fact
CTaskCheckIsInDistance	CDecision	positionToMeasure:position	distance:float	otherDistance:float	distanceFactName:fact	trigger1FactName:fact	trigger2FactName:fact	alternateCenterPos:position
CTaskCheckIsInFOV	CAction	SmartPos:position	FOV_Type:int	FOVOverride:float
CTaskCheckIsPlayingBark	CAction	taskFunction:int	checkGestureOnly:bool	gestureCutTime:float
CTaskCheckLookStrategy	CDecision
CTaskCheckMovingFire	CDecision	FOVTolerance:float
CTaskCheckODUType	CDecision
CTaskCheckObjectBlockingPath	CDecision	factAIObjectIdIN:fact	factDestinationIN:position
CTaskCheckObstaclesInRegion	CDecision	centerPos:position	radius:float
CTaskCheckPillarDepleted	CDecision	CheckAllPillar:bool	CheckPillarOfWho:fact	Pillar:int
CTaskCheckPillarThreshold	CDecision
CTaskCheckPlayerAction	CDecision	PlayerAction:int	PlayerWeapon:int	PerformingDistance:float	CheckWho:fact	CheckPlayer:bool	CheckArmyMembers:bool	FactShooterId:fact
CTaskCheckPosInLoadedSector	CDecision	Position:position
CTaskCheckPosOnSpline	CDecision	Position:position	MaxDistToSpline:float	InSplineGraphIdFactName:fact	OutSplineGraphIdFactName:fact	SplineType:int
CTaskCheckProjEscapeType	CDecision
CTaskCheckProximity	CAction	taskFunction:int	proximityThreshold:float	smartPos:position
CTaskCheckQueryRange	CDecision	factNameReferenceObjectIN:position	factNameRangeIN:fact	rangeThreshold:float	beginRange:float	rangeType:int
CTaskCheckRegionTransition	CDecision	WatchedRegion:int
CTaskCheckRegionType	CDecision	CheckWho:bool
CTaskCheckRelativeInfamy	CPawnDecision
CTaskCheckRescueState	CDecision
CTaskCheckSawSomethingLevel	CDecision
CTaskCheckSeeFriendNearby	CDecision	Distance:float
CTaskCheckSmartTerrainType	CDecision
CTaskCheckSocialProximity	CDecision
CTaskCheckSpecialMissionBehaviour	CDecision	SpecialMission:int
CTaskCheckSpecialStrategy	CDecision	setCurrentStrategy:bool
CTaskCheckSquadAction	CDecision
CTaskCheckSquadRole	CDecision
CTaskCheckStressLevel	CPawnDecision
CTaskCheckTargetHeightDiff	CDecision	targetPosition:position	alternateCenterPos:position	bestDistanceFact:fact
CTaskCheckTargetRange	CDecision	currentTarget:fact	KillRangeValue:float	SmallRangeValue:float	MediumRangeValue:float	LongRangeValue:float
CTaskCheckTargetType	CDecision	currentTarget:fact
CTaskCheckTargetVisible	CDecision	Target:position	UseSensorySystem:bool	TargetIsPlayer:bool	TargetIDFact:fact	AIOjbectIDFact:fact	FlareCheck:bool	CheckSixthSense:bool
CTaskCheckThreatDistance	CDecision	farThreshold:float
CTaskCheckThresholdLevel	CDecision
CTaskCheckUnderFire	CDecision	factNameBulletListIN:fact	capsuleHeight:float	capsuleRadius:float	timeTolerance:float	pierceOnly:bool
CTaskCheckUsingCover	CDecision	CheckCover:int	BestTargetSelectionHeuristic:int
CTaskCheckViewBlocked	CDecision	CheckDistance:float	BlockingPositionFactName:fact	BlockingNormalFactName:fact	ClearPositionFactName:fact
CTaskCheckVisibleByPlayer	CDecision
CTaskChooseCoverAttack	CDecision	ignoreLean:bool
CTaskChurchAssault	CAction	findOutsideMovePos:bool	entranceFactName:fact
CTaskCleanBriefingAnim	CPawnAction
CTaskClearMoveToDynamics	CAction
CTaskComputeInterpolatedPos	CAction	mode:int	distance:float	distanceFactName:fact	startPos:position	endPos:position	outResultPos:fact
CTaskComputeLeapFrogStep	CAction	Length:fact	LeapFrogStep1:fact	LeapFrogStep2:fact	LeapFrogStep3:fact	LeapFrogStep4:fact
CTaskComputeProjectileTrajectory	CAction	projectileType:int	throwPosFactName:position	MaxFlyingTime:struct	MaxHorThrowSpeed:struct	ApproachAngle:struct	FriendlyClearanceRange:struct	testTrajectoryClearance:bool
CTaskComputeSynchActionPosition	CAction	ActionType:int	TargetPawnId:fact	ResultFactName:fact
CTaskCoverAttack	CAction	AttackDirection:int	Blindfire:bool	MinimumDuration:float	MaximumDuration:float	Speed:int
CTaskDebugSetCurrentBehavior	CAction	MercBrainBehavior:int
CTaskDisableSTPDynamicAvoidance	CAction
CTaskDisplayError	CAction	errorMessage:fact	MessageType:int
CTaskDisplaySTPClippingError	CAction	MessageType:int
CTaskDropItem	CPawnAction
CTaskEmitBark	CAction	barkEvent:int	WaitEndOfGesture:bool	WaitEndOfBark:bool	NotifyBarkIntention:bool	TriggerFailedBarkOutput:bool
CTaskFindAIShootMeObject	CDecision	ShootMeObject:int
CTaskFindCover	CAction	coverFoundFactName:fact	coverFoundNoOffsetFactName:fact	maxRadiusFactName:fact	minRadiusFactName:fact	minRadius:float	maxRadius:float	idealMinCoverSize:float	worstCaseMinCoverSize:float	coverFromTargetFactName:fact	coverFromSmartPos:position	analyzeCoverFromPosition:position	analyzeCoverToPosition:position	gatherObstaclePosition:position	postionToAdvanceTowards:position	alternateThreatList:fact	useEnemyInfoAsThreatList:bool	coverHeuristicFilterFactName:fact	canUseSameCover:bool	isExposedCoverAllowed:bool	isBurnableZoneCoverAllowed:bool	isNotBurningZoneCoverAllowed:bool	coverHeuristicFilter:int	offsetFromCover:float	minRadiusConst:int	maxRadiusConst:int
CTaskFindCoverAttack	CAction	checkLOSOnBestTarget:bool	ignoreLean:bool
CTaskFindEscapePos	CAction	ThreatPos:position	ThreatVelocity:fact	EscapePosFact:fact	ForbidenZoneAngle:float	DodgeFrom:position	DodgeRandomness:float	ComputedDodgePos:fact	OppositeToPos:position	OppositeLength:float	ComputedOppositePos:fact	PerpendicularToPos:position	PerpendicularLength:float	ComputedPerpendicularPos:fact	LastSeenPosFact:fact	LastSeenVelFact:fact	ComputedExtrapolatedPos:fact	EscapeType:int
CTaskFindInterestLookAt	CAction	MaxNbTargets:uint	FarFocusDistance:float	MaxLookAtDistance:float
CTaskFindLeapFrogStep	CDecision	Destination:position	LeapFrogStep1:fact	LeapFrogStep2:fact	LeapFrogStep3:fact	LeapFrogStep4:fact
CTaskFindMountedWeapon	CAction	AlternateCenterPos:position	MaxTravelDistance:float	MaxTravelDistanceFactName:fact	TargetToShoot:fact	MountedWeaponId:fact	MountedWeaponPos:fact
CTaskFindProtectionPoint	CAction	ProtectionPointIdFactName:fact
CTaskFindRandomDest	CAction	posFactName:fact	minRadius:float	maxRadius:float	useForwardDir:bool	centerPosFactName:fact	alternateCenterPos:position	minRadiusFactName:fact	maxRadiusFactName:fact	towardPos:position	awayPos:position	findBuddyDown:bool	createDiagonal:float
CTaskFindRescueDest	CAction	posFactName:fact	tagPointToUse:int
CTaskFindRiskPoints	CAction	RiskPosition:position
CTaskFindSocialFleePos	CAction	FleePosFact:fact	MinDistance:float	FleeDistance:float
CTaskFindStrategicPoint	CDecision	strategicPointType:int	pointFoundFactName:fact	pointRadiusFactName:fact	canUseSamePoint:bool	useReservation:bool	checkPointUpdated:bool
CTaskFindVisualThreat	CAction
CTaskFindWorldEntity	CAction	Entity Type:fact	checkMaxHorRange:float	checkMaxVerRange:float	entityListNameOUT:fact
CTaskFireStrategySelector	CDecision	UseMounted:bool	IsUnderFire:bool	IsCovered:bool	IsDoingSuppressiveFire:bool	Target:fact
CTaskFuzzyChoice	CDecision	percOfSuccess:float
CTaskGetBuildingEntry	CAction	buildingFactName:fact	entranceType:int	entranceFrontDist:float	entranceBackDist:float	outEntranceFactName:fact	outEntranceFrontPosFactName:fact	outEntranceBackPosFactName:fact	BlackboardType:int	EntranceState:int	EntranceStateUsed:bool	restrictedToSameSide:bool	reservationNeeded:bool	useRandomEntrance:bool	entryAction:int
CTaskGetClosestSplinePos	CAction	SourcePos:position	MaxDistToSpline:float	InSplineGraphIdFactName:fact	OutSplineGraphIdFactName:fact	OutSplinePosFactName:fact	SplineType:int
CTaskGetNextPathPos	CAction	OutFactName:fact	GetNextNextPos:bool
CTaskGetPatrolPath	CAgentAction
CTaskGetPosOnNavMesh	CAction	destination:position	factResultPos:fact
CTaskGetRescuePositions	CAction
CTaskGetSniperPoint	CAction	TargetPos:position	SearchMode:int	ResultPointFactName:fact
CTaskGetStraightPath	CAction	origin:position	destination:position	checkNavMesh:bool
CTaskHighTargetAttackPos	CDecision	MinDistToGetLOS:fact	HighTargetAttackPosFact:fact
CTaskIncreaseSawSomethingLevel	CAction
CTaskIncrementPathPos	CAction
CTaskLookAround	CAction	LookAroundSmartPos:position	StepMinFactor:float	StepMaxFactor:float	RotMinAngle:float	RotMaxAngle:float	PauseMinTime:float	PauseMaxTime:float	FactStore:fact
CTaskLookAroundTarget	CAction	yawAmplitudeMin:float	yawAmplitudeMax:float	pitchAmplitudeMin:float	pitchAmplitudeMax:float	pauseTimeMin:float	pauseTimeMax:float	variationTimeMin:float	variationTimeMax:float	targetFactName:fact	targetPos:position
CTaskLookAt	CAction	lookAtSmartPos:position
CTaskLookAtVehicle	CAction	vehicleFactName:fact	spreadFrontDist:float	spreadSideDist:float	spreadSpeed:float	returnSpeed:float	sideSpreadSpeed:float
CTaskLookRandom	CAction	LookAroundSmartPos:position	RotMinAngle:float	RotMaxAngle:float	RotMinAngleFact:fact	RotMaxAngleFact:fact	PauseMinTime:float	PauseMaxTime:float	FactStore:fact
CTaskManageAnchor	CAction	FacingPos:position	AnchorActionType:int
CTaskManageArmy	CAction	ArmyAction:int
CTaskMoveStrategy	CDecision	Destination:position	Target:fact	Leader:fact	IsUnderFire:bool	UseVehicle:bool	Role:int	hasAccessToTacticalMap:bool
CTaskMoveTo	CAction	destination:position	slideSpeed:float	stopDistance:float	stopMovingUponArrival:bool	ExcludedEntitiesFact:fact	Speed:int
CTaskNotifyUnreachablePos	CAction	TargetPawnId:fact	PositionFactName:fact
CTaskOperateOnFlagField	CDecision	FlagFieldValue:int	ArmyFlagFieldValue:int	OperationType:int	FlagFieldType:int
CTaskOrientToward	CAction	enableOrientToward:bool	orientTowardMoveToPos:position	orientTowardSmartPos:position	orientAwayFromPos:bool
CTaskPathAnalyzer	CDecision	ShortPathValue:float	MediumPathValue:float	LongPathValue:float
CTaskPathFind	CAction	start:position	destination:position	orientation:position	IgnorePathShorterThan:float	IgnorePathBiggerThan:float	DoBlindPathfind:bool	DesiredTurningRadius:float	MaxTurningRadius:float	TurningRadiusStepSize:uint	AllowPathClipping:bool	MaxAllowedClippingDistance:float	CatchPathClippingFailure:bool	BlindPathFindRadiusAtDest:float	BlindPathFindAngleLimit:float	BlindStartPointClippingRadius:float	BlindEndPointClippingRadius:float	UseTacticalPathFind:bool
CTaskPathFindAndMoveTo	CAction	destination:position	useTacticalMap:bool	stopPathfindDist:float	stopPathfindDistFactName:fact	IgnorePathShorterThan:float	IgnorePathBiggerThan:float
CTaskPathFollow	CAction	stopDistance:float	stopDistanceFactName:fact	stopMovingUponArrival:bool	stopMovingUponInterrupt:bool	stopMovingUponInterruptFactName:fact	stopMovingUponArrivalFactName:fact	enableMidDeceleration:bool	VarianceTolerance:float	NotMovingTimeout:float	StopOnHardTurn:bool	Speed:int	SpeedFactName:fact	Acceleration:int	Deceleration:int	ExcludedEntitiesFact:fact	ComputeAheadPos:bool	AheadPosDist:float	stopDistanceConst:int
CTaskPatrol	CAgentAction
CTaskPlayAnim	CAction
CTaskPlayBriefingAnim	CPawnAction
CTaskPlaySound	CAction	soundName:fact
CTaskPredictImpactPos	CAction	PredictedImpactDirFact:fact	Target:fact
CTaskPrepareSynchActionPosition	CAction	ActionType:int	TargetPawnId:fact	DestinationFactName:fact	WaitFinish:bool
CTaskPushPlayer	CAction
CTaskRequestVehicle	CAction	strategyType:int	agentIdFactName:fact	destination:position
CTaskReserveProtectionPoint	CAction	ProtectionPointIdFactName:fact	Operation:bool
CTaskReserveSniperPoint	CAction	SniperPointFactName:fact
CTaskResourceManager	CAction	ResourceType:int
CTaskSavePosInFact	CAction	factNameIN:fact
CTaskSearchOpponents	CAction	factNameOUT:fact	filterOutDead:bool	filterOutEnemies:bool	filterOutsideFOV:bool	FOV:float	SensoryType:int
CTaskSelectBestOpponents	CDecision	factNameTargetOUT:fact	factNameSecondTargetOUT:fact	opponentsFactNameIN:fact	currentopponentsFactNameIN:fact	DistanceCutOff:int
CTaskSelectBestTarget	CDecision	factNameTargetOUT:fact	BestTargetSelectionHeuristic:int	factNameListOfTargetOUT:fact
CTaskSelectRiskPoint	CDecision	factRiskPointOUT:fact
CTaskSelectWeapon	CAction	weaponSelected:fact	weaponCategory:fact
CTaskSendActionSignal	CAction	actionSignal:fact	actionSignalGroup:fact
CTaskSendBrainEvent	CAction	brainEvent:fact
CTaskSendDominoEvent	CAction	DominoEvent:string
CTaskSendHMREvent	CAction	HMREvent:int
CTaskSendReport	CAction	reportType:int
CTaskSendSocialReport	CAction	socialEvent:int
CTaskSetAimStrategy	CAction	aimStrategy:int	SmartAimPos:position
CTaskSetCurrentState	CAction	CurrentState:int
CTaskSetEmotionStrategy	CAction	emotionStrategy:int
CTaskSetFacialEmotion	CAction	FacialEmotion:int	Weight:float	BlendTime:float
CTaskSetFireStrategy	CAction	fireStrategy:int
CTaskSetForcedLookAtEntity	CAction	LookAtEntityIdFact:fact
CTaskSetLookStrategy	CAction	lookStrategy:int	SmartLookPos:position
CTaskSetPathPointPosition	CAction	positionFactName:fact
CTaskSetPawnAttribute	CAction	AimAt:int	LookAt:int	LookAtSpeed:int	Stand:int	Crouch:int	IronSight:int	ChestLookAt:int	ChestFollowLookAt:int	HipsFollowLookAt:int	HeadFollowLookAt:int	NoTurnOnSpot:int	UsingTurretLookAtMode:int	LookAtEnableOverride:int	shotAccuracy:int	lookAtSpeedType:int	chestFollowLookAtType:int	hipsFollowLookAtType:int	headFollowLookAtType:int	lookAtSaccadeType:int	lookAtBlinkFrequency:int
CTaskSetPawnTarget	CAction	mercTargetNameFactName:fact	LookAtPosFactName:fact	AimAtPosFactName:fact	UseSensorySystem:bool
CTaskSetPostureAttribute	CAction	HeadsUp:int
CTaskSetPostureIntention	CAction	AIIntention:int
CTaskSetSocialEngageMode	CAction	EngageMode:bool	AbortMode:bool
CTaskSetSpecialStrategy	CAction	specialStrategy:int
CTaskSetSpeed	CAction	DynSpeed:int	StopAgent:bool
CTaskSetStanceOnSniperPoint	CAction	SniperPointFactName:fact	IdleState:bool
CTaskSetSyncState	CAction	Set:bool
CTaskShoot	CAction	ReloadFact:fact	IgnoreTransparency:bool	totalShootTimeMin:float	totalShootTimeMax:float	detectBlockingMode:int	shootLength:int	attackType:int	waitType:int	burstType:int	Auto OR Burst:int
CTaskShootMortar	CAction
CTaskShootMountedWeapon	CAction	totalShootTimeMin:float	totalShootTimeMax:float	burstTimeMin:float	burstTimeMax:float	waitTimeMin:float	waitTimeMax:float	minShootDist:float	fireMode:int	shootMode:int
CTaskSmartTerrainExecutor	CAction
CTaskSmartTerrainFinder	CAction	UseLayered:bool
CTaskSpecialVehicleDetach	CAction	SeatFactName:fact	EntryFactName:fact	VehicleFactName:fact	Reattach:bool
CTaskSplinePathFind	CAction	Origin:position	Destination:position	MaxStartDistToSpline:float	MaxEndDistToSpline:float	LengthCutoffRatio:float	SplineGraphIdFactName:fact	SplineType:int
CTaskStopBark	CAction
CTaskStopBarkGesture	CAction
CTaskSwitchWeapon	CAction	weaponSelected:fact	desiredWeaponClass:fact	actionSignal:fact	actionSignalGroup:fact
CTaskTeleportInVehicleSeat	CAction	VehicleFactName:fact	MinPlayerRange:float
CTaskUnReserveCover	CAction
CTaskUpdateBlackboard	CAction	factNameIN:fact	newfactNameIN:fact	operationType:int	useWorldBlackboardIN:bool	BlackboardType:int	updateWho:fact	factTime:float
CTaskUpdateBuddyAiming	CAction	factTargetAIObjectIN:fact	factAimAtPositionOUT:fact	factLookAtPositionOUT:fact
CTaskUpdatePathPos	CAction
CTaskUseAIBuilding	CAction	MaxTravelDistance:float	MinAttackPosDist:float	TargetToHideFrom:fact	AIBuildingId:fact	AIBuildingPos:fact	AIBuildingAttackPos:fact	BuildingAction:int	BuildingEntrance:int
CTaskUseMountedWeapon	CAction	MaxTravelDistance:float	TargetToShoot:fact	MountedWeaponId:fact	MountedWeaponPos:fact	MountedWeaponAction:int
CTaskUseSniperPoint	CAction	SniperPointFactName:fact	NbOfScans:int	ScanRate:float
CTaskVehicleAccost	CAction	AlignPosFactName:fact	AnchorPosFactName:fact
CTaskVehicleAggressiveMove	CAction	factTargetId:fact	aggressiveMove:int	maxRange:float	minSpeed:float	hitTarget:bool	endWhenOnPos:bool
CTaskVehicleBoostFactor	CAction	Target:position	AccelFactor:struct	SpeedFactor:struct
CTaskVehicleBoostFactor::SBoostFactor		Min:float	Max:float	Rate:float	Range:float
CTaskVehicleChase	CAction	destination:position	minimumDistance:float	maximumDistance:float	newPathAheadTime:float	TargetRoadDist:float	MaxRoadDist:float	RoadLengthCutoffRatio:float	followTarget:bool	continueOnFailedPathFind:bool
CTaskVehicleCheckExitOnLand	CVehicleDecision
CTaskVehicleCheckSpeed	CDecision	SpeedToCheck:float
CTaskVehicleCheckUserPriority	CDecision	driverPriority:int	gunnerPriority:int	passengerPriority:int	usingSpecialMode:bool
CTaskVehicleEnableSteeringEngine	CAction	enableSteeringEngine:bool
CTaskVehicleEscapeProjectile	CAction	ProjectilePosFactName:fact	ProjectileVelFactName:fact
CTaskVehicleGetBargePos	CAction	PosFactName:fact	WidthValue:float	LengthValue:float	TargetPos:position	KeepRunning:bool	UpdateDesiredPos:bool	Mode:int
CTaskVehicleGetMergePos	CAction	TimeToEnd:float	MergePosFactName:fact	MergeDirFactName:fact	StampDist:bool
CTaskVehicleGetPierAnchor	CAction	AlignPosFactName:fact	AnchorPosFactName:fact	GetCurrentAnchor:bool	Destination:position
CTaskVehicleOrientToward	CAction	position:position
CTaskVehiclePathFollow	CAction	stopAtEnd:bool	maxSpeed:float	maxSpeedFactName:fact	stopDistance:float	stopDistanceFactName:fact	slowDownAtEnd:bool	allowReverse:bool
CTaskVehicleSetUserRolePriority	CAction	driverPriority:int	gunnerPriority:int	passengerPriority:int	enableSpecialMode:bool
CTaskVehicleSink	CAction	MinPlayerRange:float	TransitionDuration:float	SinkPitchSpeed:float	WaitPlayerNotLooking:bool
CTaskVehicleStop	CAction	BrakeSideways:bool
CTaskVehicleTurnAround	CAction	centerPos:position	turnRadius:float	turnSpeed:float	turnTime:float	turnClockwise:bool
CTaskVehicleTurnCheat	CAction	turnSpeed:float	directionToleranceAngle:float	minSpeed:float
CTaskVehicleUpdatePathFollow	CAction	targetPos:position	maxSpeedFactName:fact	maxSpeed:float	followDist:float
CTaskWait	CAction	timeToWait:float	waitTimeFact:fact	randomStartDelay:float
CTaskWaitFactExist	CAction	factNameIN:fact	useWorldBlackboard:bool	checkType:int	factValue:fact	factValue:position	taskFunction:int
CTaskWatchFlyingProjectile	CAction
CVehicleDecision	CAgentDecision
CVehicleScanner	CAgentScanner
