# MOVE graph names, keyed by CPathID (CRC-32 of the lowercased name).
# Generated by `jackall-cli move names`; do not hand-edit.
# Recovered from the *named.bin authoring twins by hashing every string they
# hold and keeping the ones a loadable graph actually keys on - so every row
# here is self-proving, and the twins' own format never had to be decoded.
003CC546	ml12_se03_Victim_SitAlerted_idle
00913F15	ML03_SE01_Boss_Rbst_D
00ADB0CF	sm06_se01ufll_boss_exit_idle2
00D708D8	pawn_st_social_awaleabort
00F04D4D	Pawn_ST_Rest_SmokeAbort
013CCADF	sm08_se01apr_boss_recap
015FE0BC	pawn_hmrhealth_lyingidle
017087CF	Pawn_Generic_Swim
019E17D8	pawn_gesture_QuestionFrustrated
01A07022	gm00_se01_idle2
01E0D47A	pkg_a2sm08_se03_apr
01F6FDD5	Pawn_ST_Rest_SitOnGroundPost
020A749B	ML02_SE01_Boss_Offer
023EFE38	ML08_SE01_Helper_Greet_Idle
0250D93C	Pawn_Gesture_Patience
028AE1E0	DLC1_MagicCrateSwitch_Start
02DE8366	ML04_SE01_Boss_Convo_Idle
02E0171F	sm08_se01ufll_helper_convo
02ECA996	ML12_SE01_Helper_Rbst_B
02ED2962	ML11_SE01_Boss_GreetAC
034D45B1	sm00_se01_CivilianTrash2_Event_140
037EC0A4	sm08_se01apr_boss_greet
03827558	sm08_se01ufll_helper_greet_idle
0382BEF9	ML09_SE01_Boss_Convo
038C16B5	pawn_gesture_beckonfarwavestandquick
043127A2	pawn_st_social_scootoverbsitpost
046C5777	pawn_st_social_conversationpre
0475C062	Pawn_Generic_ChangeAmmo
049C114A	Pawn_ST_Rest_SitOnGroundV3Post
0512F698	ML08_SE01_Boss_Rbst_AA_AC
05339C1C	pawn_st_social_collaborativesurveillance
0535277A	sm00_se01_TaxiDriver_Event_070
05455496	ML01_SE01_Boss_Rbst_D
05A0DE22	SM16_SE01_Jack_Recap_Idle
0628F278	sm08_se01ufll_boss_wait
0632D7F9	pawn_gesture_handsup2
0657F56A	ml01_se03_ChiefsBrother_Intimidation
068334EE	pawn_gesture_Perceiving
0687A32F	Pawn_Gesture_TskTsk
068CE276	pawn_hmrhealth_oncoverexpire
06A02CC1	ML02_SE01_Boss_Rbst_B
06E28CA4	Dart_Rifle
06E56097	Pawn_ST_Rest_Sit3Post
0787DB1F	civilians_male03_reactionPre
078A4AF3	ML07_SE04_DJLord_Greet_DialA
078B2252	Pawn_ST_Rest_Sit3Abort
07A904C7	sm08_se01apr_boss_greet_idle
07B68850	sm08_se03_ufll_Player_Rbst
07D04B4A	ML07_se01_Boss_Abort_AB
07E66DA6	Pawn_ST_Rest_Eat2Pre
08126B29	pawn_gesture_searchalert
08141C53	Pawn_ST_Rest_LeanBackWall
087DB227	ml04_se03_informant_Intimidation
089BC31D	pkg_barge
08D7D720	pawn_st_duty_megaphone
08DC9044	ML04_SE01_Boss_Rbst_B
09080E89	ML02_SE01_Helper_Greet_Idle
0972F3CC	ML12_SE01_Boss_Rbst_AA_AC
09773874	Pawn_ST_Rest_SleepBedV4Post
097EBB23	Guard_OpenMainDoor_Inside
09C03013	ML01_SE01_Helper_Rbst_AB_AD
09F84795	ML03_SE01_Boss_Rbst_AB_AD
0A02FDBC	ml04_SE01_helper_accept
0A9F3D7E	Pawn_ST_Social_Dice
0AC04786	ML11_SE01_Boss_Convo
0B138B1E	Pawn_Sync_Machete_FinishDouble
0B16AF68	pawn_st_social_sniperspotterb
0B269955	sm08_se01apr_helper_pickupfiles
0B32CDC1	pawn_social_aimedat_loop
0B39E813	ML07_se01_Boss_Rbst_D
0B5C4939	DLC_Unimog_Driving
0B9F3A7A	DLC1_UnJamSucess
0C149411	ML12_SE01_Helper_Recap_Idle
0C1548B2	Pawn_ST_Rest_Jumpjack
0C483143	pawn_st_rest_leanvt_left
0C63E7DA	pawn_gesture_rollingout
0C73DE7B	pawn_gesture_shoved
0C7FDA80	sm11_se01ufll_boss_recap
0D08FBC7	ML06_SE01_Boss_Rbst_B
0D10E3C1	pawn_st_duty_surveillancepre
0D282D6A	Pawn_ST_Duty_CleanVertPost
0D816F8B	ML07_se01_Helper_Abort_AA
0D8F4327	ML07_se01_Boss_Greet_Idle
0DC2E3CD	sm00_se01_Player_Braking1
0DFBA2B1	Pawn_Generic_Melee_Charge_Begin
0E3DD0FB	sm11_se01ufll_boss_greet
0E469D54	BodyWhaWha_BaseLayer_Stand
0E6DCA2E	pawn_gesture_okb
0E8F6A11	Pawn_Generic_Mounted_Gesture
0EA20351	bottlescotch_specific
0EE70BC9	ML08_SE01_Helper_Accept_Idle
0F2E15E3	Pawn_ST_Social_AbortedConversation
0F6EC50D	pawn_buddydown_CradleIdle
0F7A2FD9	ml09_se01_buddy
102B0C63	ML05_Base_Boss_Convo_Idle
10337DC3	pawn_gesture_shove1front
104E6693	Pawn_ST_Rest_SmokePost
10633208	pkg_a1sm02_se01_apr
106C3641	ml08_se03b_player_InstalDynamite_Back
108D22B2	ML01_SE01_Boss_GreetAB
1091898F	cine_civ06
10A33C8A	Pawn_ST_Social_Spectator
10E1947B	SwampBoat
10EEB005	pawn_st_social_sniperspotterbpre
1132B47B	ML03_SE01_Helper_Rbst_D
113C1DEB	ML04_SE01_Boss_Convo
113E8F94	sm00_se01_ConvoyDriver_Event100_End
116B14D1	sm08_se03_apr_Boss_Dead_idle
11FBE3F7	ML12_SE01_helper_accept
12121F68	Pawn_Generic_LadderGetInBottom
1214FA9A	ML09_SE01_Boss_Rbst_D
121CFA7F	pkg_a1lm04_se03
123A9258	ML09_SE01_Boss_Rbst_AA_AC
125EA11E	pawn_hmrhealth_tolying
1299A4EF	sm08_se03apr_bwrld_dead
12C83697	sm08_se03apr_player_brief_b0
12DDA207	sm00_se01_GuardLeft1_Event_80
12FF79CA	sm05_se01a_player_drinkrecover
131170CE	sm08_se01ufll_boss_convo
1320A221	sm04_se01_corpse03_idle
132876A6	pawn_hmrhealth_kneetocarry
1335BC02	ML07_se01_Boss_GreetAE
133E14D5	ML03_SE01_Boss_GreetAC
139496F3	pawn_hmrhealth_carrydrop
139B6CBD	sm02_se01ufll_boss_pickupfile
14197A22	DLC1_Holster
141E2D95	pawn_gesture_HurryUpV1
1425E94E	ML08_SE01_Boss_Rbst_B
1458781B	ML07_se01_Boss_GreetAA
1463CCB5	cine_civfemale_walk02
14C44564	Pawn_ST_Duty_Guard1
1541D3E6	ml12_se05_informant_Intimidation
1553C248	Pawn_ST_Rest_Eat1Pre
1599A617	ml01_se03_ChiefsBrother_Accept_idle
15A86298	sm16_se02a_player_end
160BEDE4	Pawn_Vehicle_Barge_Loop
16135C75	ml04_se03_informant_Sit_idle
161A49C6	pawn_st_social_drinkbeercrateBabort
167E819D	G3KA4
16CDBAB9	sm02_se01ufll_boss_recap_idle
17012E2D	ML03_SE01_Helper_Accept_Idle
1740BA89	sm08_se01apr_boss_greet_a
17E0E6AB	ML01_SE01_Boss_GreetAF
17FC4D96	cine_civ02
1832D680	pawn_gesture_gagb
185B2296	Pawn_ST_Duty_WipingTablePre
186DA091	sm05_se01b_greaves_beckngreetdialexit
187E1392	ML07_se01_Helper_PickUp_File
18902118	Pawn_Generic_Inactive
18A8B1D2	pawn_buddydown_cradlegunawayidles
18C481B8	sm06_se01apr_boss_recap
18C63475	Pawn_ST_Rest_JumpjackPre
18DD2D88	Pawn_ST_Duty_Inventory1
1915B7DD	ML04_SE01_Helper_Rbst_B
192C3F37	ML09_SE01_Boss_GreetAB
19362620	Pawn_ST_Rest_LeanBackWallPre
1946DF69	pawn_st_duty_First_Aid_End
19517179	Pawn_BuddyRescue_Entry_Anchor
195A04B3	sm02_se01apr_boss_greet_b
19776DF3	Pawn_Generic_OpenDoor_Outside
1991725D	Pawn_ST_Rest_Lean1_rightpost
1994FBFD	Guard_OpenMainDoor_Outside_Player
19A2564F	ML04_SE01_Helper_Recap_Idle
19A600B9	ML06_SE01_Helper_Offer
19AABC16	ml05_base_player_pickupframe
19D22E4E	ML05_Base_Helper_Recap_Idle
19D26C71	sm03_se02b_ChurchAssault01
1A08B052	buddy_unlock_stand_idle
1A868BC3	sm06_se01apr_boss_greet
1A9885F2	sm06_se01apr_boss_briefing
1AA727E7	ML06_SE01_Boss_Greet_Idle
1AA90B4B	ML06_SE01_Helper_Abort_AA
1AFA8725	ML01_SE01_Boss_Abort_AA
1B17CD2B	ML05_Base_Helper_Offer
1B1ECBA3	pawn_buddydown_cradleentryshort
1B1FFC90	dlc1__sawedoff_shotgun
1B285160	pawn_st_duty_lightfireabort
1B36F3F2	Pawn_machete_killGround
1B3E47A9	ml01_se03_ChiefsBrother_Greet
1B53BBBB	sm02_se01apr_boss_recap_idle
1B5552C3	sm08_se03ufll_jackc_brief_ca
1B831D90	pawn_gesture_PanicV1
1C295501	ML11_SE01_Boss_Abort_AB
1C2E163B	sm00_se01_TaxiDriver_Event_060
1C32C9E1	SM09_SE05_Buddy_StandIdle
1C35F267	Pawn_ST_Layer_Drink1Post
1C62DCF6	Pawn_ST_Rest_LeanWall1V3Abort
1C64461E	ML04_SE03_Informant_SitIdle
1CA82B97	sm11_se01ufll_boss_convo_idle
1D7B5735	ML05_Base_Helper_Recap
1D9D57D1	sm10_se02_buddy_DialSpotA
1DF75CE8	sm11_se01apr_boss_exit
1DFF2288	pawn_gesture_firingpistol
1E012E5E	SPAS12
1E056DBF	sm02_se01apr_boss_pickupfile
1E0C9E28	3rdGe_FulB_BspSitIdle01+000Fw_NoWep_I1
1E2202E0	sm08_se03ufll_jackc_brief_b0
1E28002D	ML09_SE01_Boss_Abort_AB
1E41FB2E	ML09_SE01_Boss_GreetAF
1E53347F	Pawn_Gesture_BeckonMed
1EBA1ECB	PKM
1EBFA868	sm03_se02b_ChurchAssault05
1ED02355	ML02_SE01_Boss_Rbst_AB_AD
1EF60B91	ml12_se05_informant_Sit_idle
1F000617	Pawn_Generic_Throw_Layered
1F15F77D	Pawn_ST_Social_AbortedConversationPost
1F1A63C3	SM16_SE01_Jack_Offer_Idle
1FA37848	sm08_se01ufll_helper_exit
1FCA9AA7	ML06_SE01_Helper_Recap
1FD0B91F	sm06_se01ufll_boss_wait
1FFCC849	pawn_generic_malaria_heal
205A6A65	Transition_AutoShoot_End
2067BCD0	buddyrescue_event3
2077F15B	Pawn_Generic_RepairVehicle_Start
209A9A50	ML11_SE01_Helper_Rbst_AA_AC
20B36DF4	Pawn_Gesture_BeckonBig
2107102E	BodyWhaWha_BaseLayer_Stand_NoTurn
213B63A9	sm00_se01_Civilian3_Event_40
213E33CA	pawn_gesture_SomethingSeen
2140171D	ML03_SE01_Helper_Recap
21417A2F	ML10_SE01_Helper_Rbst_D
215D7966	ML12_SE05_Teacher_Greet_Sit2Stand
21882DA3	ML01_SE01_helper_accept
219D92D4	pkg_a3sm11_se01_ufll
21ABE865	ML12_SE01_Helper_Convo
22061BBE	pkg_a1sm03_se02a
22435D3C	DLC1_SlideFinish
225403FB	pawn_gesture_LetsGo
226A1325	pawn_gesture_covernosea
226C31BD	Pawn_Generic_Drown
22A87E3E	Pawn_ST_Duty_Inventory2Post
22B3BBE2	pawn_generic_TakeCigar
22C7CA45	pawn_hmrhealth_oncovershoot
22DFE6DC	pawn_hmrhealth_lyingCover
22F35F33	Pawn_ST_Rest_SitChairV4
233EEC58	pawn_gesture_DenyV1
23402F03	ML08_SE01_Helper_Rbst_D
237F9F7C	pawn_hmrhealth_kneeCover
23823370	Pawn_ST_Rest_SleepBedV3Abort
238C9189	ML09_SE01_Helper_Recap_Idle
23C36006	gm00_se01_exit_aa
23E073BE	sm08_se01apr_boss_accept_idle
2479E44D	sm10_se02_buddy_dialc
24BB27C1	ML05_Base_Helper_Rbst_D
24D3E11C	sm05_se01a_player_idle
24E943A6	Pawn_Generic_Aim_Third
25765286	pkg_a2sm16_se02a
25CEB394	sm00_se01_Civilian1_Event_40
25D1F5C9	Pawn_Generic_Mounted_BaseLayer
26026162	ML05_Base_Boss_Greet_Idle
260C4DCE	ML05_Base_Helper_Abort_AA
26149AD1	Pawn_Generic_Heal
262B4AC9	jeepwrangler
263D1681	ml12_se03_Victim_Sit_idle
264C65B0	Pawn_ST_Rest_EatHandFood
26828734	RPG7
269EEB3C	Pawn_Generic_Hurts
26AC6805	Pawn_ST_Layer_Smoke
270A78C9	buddyrescue_event7
27223A4C	ML10_SE01_Boss_Rbst_AA_AC
272C8D03	ML03_SE01_Helper_Offer
27639BB2	Pawn_ST_Rest_LeanWall1SitPre
27A72713	sm02_se01apr_boss_exit_idle2
27A88E15	ML01_SE01_Boss_Rbst_AB_AD
27AD1A5A	ML08_SE01_Boss_GreetAD
27D06292	pawn_gesture_LookAroundPanic
28002193	ML04_SE01_Boss_Finish_Idle
286BE843	sm08_se01apr_helper_accept_idle
2873B8D9	sm00_se01_Player_MalariaFinal
28BA6138	ML03_SE01_Helper_Recap_Idle
28DF10D1	Pawn_Buddyrescue_SecondBlackout
28E5C326	ML08_SE01_Boss_Finish_Idle
28F6E1AE	sm10_se02_brokenwall_wait02
290CBE8E	Pawn_ST_Rest_SitChairV3Pre
2935362C	Pawn_Sync_Machete_FinishDefault
294EFDE4	pawn_st_duty_First_Aid_Loop
295E7A5E	Pawn_ST_Rest_SitOnGroundPre
29633041	sm08_se03ufll_jackc_brief_aa
296A6B11	ML04_SE01_Boss_GreetAF
298DB434	base_lockedanimateddoor
29AA69A9	Pawn_ST_Duty_FixWeaponAbort
29DCEBF4	3rdGe_FulB_BlindShoot01_+000Fw_PrAk4_I1
29DF538E	Pawn_ST_Rest_EatHandFoodPre
2A392611	sm02_se01ufll_boss_exit_idle2
2A63E09A	Pawn_ST_Rest_LeanHoriz2
2A814696	sm11_se01ufll_boss_greet_idle
2A894971	ML12_SE01_Boss_Abort_AA
2AD2F5A1	ML02_SE01_Boss_GreetAA
2ADE4FFC	civilians_couple_female_reactionpre
2AF4DF55	Pawn_Generic_LadderMove
2AF810D0	pkg_a2sm06_se01_ufll
2AF82A4C	Quadruped_Die
2B2BE95A	gm00_se01_brief_c
2B7C4F40	sm04_se01_player_falltruck
2BA94F59	ml00_base_Guard_DoorGuardIn
2BC8BAC3	M249
2C275385	sm10_se02_guard02_Exit
2C4988EC	Pawn_Vehicle_Dive_Left
2C5A9B55	ML02_SE01_Boss_Abort_AB
2C5CFC09	pawn_buddydown_CradleToExecuteNeutral
2C67EA6C	Pawn_ST_Rest_Sleep1Abort
2C7819C6	ML11_SE01_Helper_Exit_Idle
2C8E4AE6	ML06_SE01_Boss_Convo_Idle
2CCE5CCD	sm01_av01_machetteanchor
2D17C05E	pawn_gesture_FollowMe
2D3D6B9B	Pawn_ST_Rest_Pushup
2D567706	ml01_se04_Victim_Diala
2D63ABC1	BodyWhaWha_BaseLayer_LeanWall
2D6EC53A	ML10_SE01_Helper_Rbst_AB_AD
2D93A5C1	ML04_SE01_Helper_PickUp_File
2D9AA4AB	Pawn_Generic_MountedMovement
2DACA73D	sm03_se02a_beerfridge_push
2DB4996F	ML06_SE01_Boss_GreetAC
2DB761FC	ML07_SE03_Minister_SitIdle
2DBF31B8	ML02_SE01_Boss_GreetAE
2DFF56E5	pawn_gesture_Order02
2E07AF08	ML04_SE01_Boss_GreetAB
2E1874B9	sm00_se01_TaxiDriver_Event_040
2EBBE9B8	pawn_gesture_shoved_hard
2EE95FAA	Pawn_ST_Duty_CultivateFieldPre
2EFBE15A	pawn_st_rest_watchtvpost
2F0554FD	ML05_Base_Boss_GreetAC
2F0AE265	buddyrescue_exit0
2F193FF9	Pawn_Generic_Mounted
2F3F37BE	Transition_Crouch_to_Stand
2F530D9B	fishing_boat
2FB03A85	pawn_gesture_discouragement
2FDA1E8E	sm00_se01_TaxiDriver_Event_140
2FEB8112	sm11_se01ufll_boss_exit_idle1
2FF0221B	Pawn_ST_Layer_Cough
300A5E8C	ML11_SE01_Boss_Rbst_AA_AC
30100552	Pawn_ST_Duty_AmmoReload1Abort
3026ABC2	ML08_SE01_Boss_Offer
304D5481	pawn_st_social_collaborativesurveillancepost
30899201	sm03_se02b_player_exit
308D99B4	DLC_Quad_RepairVehicule
30932AAA	ML11_SE01_Helper_Recap
31066416	sm03_se02b_civma1_beckon
313349AD	ML10_SE01_Helper_PickUp_File
31560196	Pawn_ST_Rest_SitOnGroundV1
3170573A	ML04_SE01_Boss_Abort_AA
318069C6	sm08_se01apr_boss_convo_idle
31977020	Pawn_ST_Rest_SleepBedV1
31A1461A	Pawn_Rosace
31AE61A0	ML03_SE01_Boss_Convo
320A0FF3	ML11_SE01_Boss_Finish_Idle
3221E6EC	sm02_se01apr_boss_wait
325839BB	Pawn_ST_Rest_SitOnGround
326D3634	Pawn_Generic_Vehicle_GetOut
329F67C2	ML01_SE01_Helper_Rbst_B
32AEECE5	sm06_se01apr_boss_exit
32C63EA4	Grin_trade_Papers
32F3C893	DLC1_Aim
330C6A46	sm11_se01apr_boss_accept
3339B213	Transition_Watch_AdjustHand_Back
3343509C	buddyrescue_killevent1
3350D8E0	Pawn_Generic_UnJamSuccess
33F167D6	DLC_Quad_GetIn
34020506	pawn_social_aimedat_start
34179339	ML08_SE01_Helper_Convo_Idle
341EEEEC	Pawn_Gesture_OneFingerPoint
344DC951	Pawn_ST_Rest_Crunch
345351C4	pawn_gesture_salute1b
3462318E	ml12_se05_informant_Reaction
346AE7AC	pawn_gesture_middlefingera
3470860B	pawn_st_duty_sniperspotteraabort
34738FC6	VehicleRide_Passenger
3481F125	ml09_se01_player_mms
349A1A23	BodyWhaWha_BaseLayer_Stand_Right
34B6EF0E	Pawn_Gesture_FingerSnap
34B726EF	Pawn_ST_Rest_SitonGroundV2Abort
34F7EE67	ML04_SE01_Boss_Greet_Idle
34F9C2CB	ML04_SE01_Helper_Abort_AA
3505A1D5	Pawn_ST_Rest_SitChairV4Post
351CDF55	sm11_se01ufll_boss_briefing
352C580E	ML07_se01_Helper_Rbst_AA_AC
35469ADD	pkg_a2sm08_se03_ufll
35AB1859	sm08_se01ufll_helper_convo_idle
3664DEAB	pawn_generic_desertgetup
366A752C	Pawn_ST_Rest_PhoneNoSignalAbort
367237A6	ML04_SE01_Helper_Exit_Idle
3697D513	ML08_SE01_Helper_Exit_Idle
36C12FCF	sm00_se01_TaxiDriver_Event_150
36F6A678	DLC_Unimog_GetIn
36FFB0B4	ML11_SE01_Helper_Offer
370345F8	sm00_se01_TaxiDriver_Event_050
370BF393	pawn_st_social_awalepost
3787CA5A	ml09_se05_player_mms
37BDBC25	ladder
37CC6AC3	buggy
37EB1EB7	Pawn_ST_Rest_CrunchAbort
37F078A6	pawn_hmrhealth_oncoveridle
3812F82E	sm00_se01_CivilianBridge2_Event_130
382109AC	ML12_SE01_Boss_Rbst_D
382833FE	BodyWhaWha_BaseLayer_LeanTable_ThenStand
3835C631	ML05_Base_Boss_Rbst_D
3885D8C2	sm08_se01apr_helper_wait
389B8776	sm08_se01apr_helper_convo
389E4F56	pawn_buddydown_CradleEntry
38C3E111	pawn_buddydown_cradlegunawaytochin
38D80764	ML06_SE01_Helper_Rbst_AB_AD
38FBF087	BodyWhaWha_BaseLayer_SitTable
396452BD	ML10_SE01_Boss_Offer
396E4731	Quadruped_LookAt
39C4C251	pawn_st_rest_leanbackwall_arm
39D9C857	ML08_SE01_Helper_Convo
39FC38FA	Pawn_ST_Rest_SitOnGroundV2Post
3A20A1D5	SM16_SE01_Jack_Recap_BriefCase
3A3B3210	Pawn_Transition_Jump_End
3A4A8142	Pawn_ST_Abort_SitOnGround
3A607569	ancor_safehouse_nosignal
3AB86464	ML06_SE01_Helper_Rbst_D
3AC600A7	sm00_se01_GuardLeft2_Event_80_StartIdle
3B01C816	ML10_SE01_Boss_GreetAA
3B854927	Pawn_ST_Rest_Sit2Post
3BA62E26	ML07_se01_Boss_Convo_Idle
3BC471FB	ML11_SE01_Boss_Rbst_B
3BF86051	BodyWhaWha_BaseLayer_LeanDesk
3C0E191F	sm03_se02a_marty_exit2
3C134178	ML11_SE05_Buddy_DialB
3C1CDD44	SM16_SE02a_Player
3C359687	cine_playercameraref
3C46654E	gm00_se01_exit
3C475155	pawn_gesture_forgetaboutit
3C4882BE	DLC_Unimog_ChangeSeat
3C592C67	sm06_se01ufll_boss_recap_idle
3C680B74	sm11_se01ufll_chair
3C6C0C0F	ML10_SE01_Boss_GreetAE
3C87666A	ml04_se03_informant_Reaction
3DB2A710	sm03_se02b_priest_convo_idle
3DF119FE	MP_NearDeath
3DF5622F	ML10_SE01_Boss_Rbst_D
3E257974	Pawn_ST_Layer_Spitting
3E46373F	sm03_se02a_marty_greetdiala
3E8703C8	Pawn_ST_Rest_SleepBedV4Abort
3EC1BC10	nitrousbottlestack
3ED0F51E	sm04_se03_jackc_greet_aa
3EDFED4C	OpenOutsideDoor_Guard
3EF88A3B	veh_glider
3F1A989A	Pawn_Multi_DieBeforeRevive
3F216388	ML02_SE01_Helper_Convo_Idle
3F2EBF49	cine_civmale_walk04
3F8D285E	DLC_Unimog_RepairVehicule
3F9C6110	ml01_se03_Player_Pickup
3FA13A9E	sm11_se01ufll_boss_accept_idle
3FA5C97D	Transition_IdleCombat2Alert
3FCE7274	pawn_st_abort_kneeleft
3FD40123	Pawn_Gesture_LoudNoiseFar
3FDF3A68	ML12_SE01_Boss_GreetAD
401E08CB	buddyrescue_event10
406076BE	pawn_gesture_CoverHead
4079FBD6	sm06_se01apr_boss_greet_idle
407DADBA	Pawn_Buddyrescue_FirstBlackout
40970E9B	ML07_se01_Helper_Exit_Idle
40CBAF08	ML03_SE01_Helper_Exit_Idle
40CFFE91	Alert_Gesture_Interruption
40F64775	ml00_base_player_stand
413019FD	steeringwheel
413CF519	Pawn_ST_Rest_SitOnGroundV4
41481544	Pawn_BuddyRescue_Exit_Anchor
4195FD95	Pawn_ST_Duty_CleanVertPre
419E39FD	pickup
41B4BDDE	pawn_gesture_interruptwavea
41BCFF67	ML07_se01_Helper_Recap_Idle
41BD1D92	ancor_safehouse_sit
41BFF1FC	ML05_Base_File_Position
41D3DE19	Pawn_Generic_Vehicle_FallOff
41FD84AF	Pawn_ST_Rest_SleepBedV4
4215192B	Transition_IdleAlert2Combat
42392BF2	3rdge_fulb_bspgrt01+000fw_nowep_i1
4271B055	ML06_SE01_Boss_Rbst_AB_AD
427D2EAC	pawn_st_rest_scootoverasitpost
42A6466F	ML07_se01_Boss_Convo
42D16BCC	pkg_a1lm01_se03
42EA245A	pawn_generic_malaria_attack_in_freeze
42F9E4F0	ml05_se03_HandoverDefoliant
42FC7AE8	pawn_buddydown_cradleentrygun
4308C2CF	pawn_gesture_LightClose
43470D6B	Pawn_Sync_Machete_Scare
4354D61A	sm08_se01ufll_helper_accept_idle
43695794	pawn_st_social_conversationpost
43913F89	ML10_SE01_Helper_Convo_Idle
43A18696	pawn_hmrhealth_carryturn
43E5F699	Pawn_ST_Rest_SitOnGroundV3Pre
44149970	pawn_st_rest_drinkbeercrateApre
44264169	ML11_SE01_Helper_Rbst_D
44318AA8	ML01_SE03_ChiefsBrother_Greet_Sit2Stand
4444600A	buddyrescue_killevent0
44722325	ML12_SE01_Helper_Abort_AB
44840497	pawn_gesture_SeeSomethingInWater
44872A07	pawn_gesture_ShoutOrderV1
44929111	sm08_se03apr_player_brief_d0
44C79C16	pawn_st_rest_watchtv
44CCD323	ML02_SE01_Helper_Convo
44EF36CE	ML12_SE01_Boss_Finish_Idle
45133C52	sm06_se01apr_boss_exit_idle1
451F1B25	multiplayer
453F02A0	ml06_av01_player_answercall
4596C8EA	DLC_Quad_ChangeSeat
45985754	ML01_SE01_Helper_Rbst_C
4606B4E7	ML02_SE01_Boss_Greet_Idle
4608984B	ML02_SE01_Helper_Abort_AA
460A36A6	ML05_Base_Helper_Exit_Idle
46271445	ML09_SE01_Helper_Rbst_D
4648C967	ML02_SE01_Helper_PickUp_File
46706CA5	sm03_se02a_player_push
4676DFBE	Pawn_Generic_Holster
468E68F4	pawn_gesture_WitnessDrowning
46956184	Grin_CivilianBystander_Female_Wait
46E524B4	sm08_se01ufll_boss_a0
47067EF0	Pawn_ST_Duty_CheckJarPost
47345DED	Guard_OpenMainDoor_Inside_Guard
473D6D2E	SM16_SE01_Jack_Greet
4743F416	pawn_buddydown_CradleExit
47526B06	DLC_Quad_GetOut
479C66E3	ml00_base_player_pickupframe
47E01408	ml08_se03b_player_InstalDynamite_Front
47E7C264	pawn_st_rest_leanvt_leftpre
485CF868	ml08_se01_helper_exit
48753574	pawn_hmrhealth_lyingexpire
4878A566	sm08_se03ufll_jackc_brief_d0
4889CEC1	civilians_male02_reaction
48D207FC	Pawn_Generic_SingleBulletReload_Begin
48D80AFE	ML12_SE01_Boss_GreetAE
48FDB3C9	frankmainmove
491783B3	sm06_se01apr_boss_accept_idle
4932C52A	pawn_hmrhealth_healinjured
49330132	Pawn_ST_Rest_SitChairV2Abort
4937F4D8	ML06_SE01_Helper_Accept_Idle
493DA013	ML03_SE01_Boss_Abort_AB
49519F0E	player_pushed_blendout
495774A6	ML01_SE01_Boss_Convo_Idle
495CA77E	pkg_a3cine
496EDF41	Pawn_St_Duty_PaperworkPre
499CA686	Pawn_ST_Rest_LeanHoriz3Pre
49B682FA	Pawn_Gesture_StopInvert
49FAF4C2	cine_command
4A206857	sm08_se03apr_jackc_brief_ab
4A74B1BD	sm00_se01_TaxiDriver_Event_000
4ABBCDF7	sm03_se02b_churchshrine_exit
4ADC0A5E	sm08_se03ufll_player_exit_00
4B3E7262	pawn_st_rest_watchtvpre
4B6B3C99	ML10_SE01_Boss_GreetAD
4B75EFCF	sm03_se02b_priest_exit
4B83DC26	pawn_st_rest_leanbackwall_armpost
4BB6DB8A	sm00_se01_TaxiDriver_Event_100
4CC3416D	ML11_SE01_Boss_Rbst_C
4CC53B29	UZI
4CF44C07	Pawn_Generic_MapCompass_FlipSide
4D46F8FB	Pawn_ST_ChickenSitPost
4D68984E	sm16_se02b_command_handoverbriefcase
4D958102	ML05_Base_Boss_Convo
4DBDF80D	BodyWhaWha_BaseLayer_LeanWall_ThenStand
4DC388DE	sm06_se01apr_boss_accept
4E5EF599	Pawn_Generic_Pickup
4E655ABC	Pawn_Gesture_Flame
4E84D699	pawn_st_rest_drinkbeercrateA
4EAABC0D	BodyWhaWha_BaseLayer_LeanTable
4EE9BFD6	Mortar
4F003108	pawn_gesture_shhb
4F03F823	Mp_DeathOverTime
4F1D6B6E	sm10_se02_buddy_GoingToDoor
4F2C88E9	Pawn_ST_Rest_Exercise2
4F34FD98	sm08_se01apr_boss_wait
4F444BC6	cine_civmale_walk01
4F6F1BFD	BodyWhaWha_BaseLayer_Stand_Left
4FB5CEE7	ML12_SE01_Boss_GreetAA
4FBF646B	sm10_se02_guard01_wait02
4FC60DB5	sm08_se01apr_boss_b0
4FC744A6	buddyrescue_entry2
4FD17BDF	Pawn_ST_Duty_AmmoReload2
4FDBBFEA	Pawn_ST_Rest_PissPre
5006B9A4	Transition_Stand_to_Crouch
500B4A26	Watch
500D485F	buddyrescue_event6
503A8313	pawn_generic_BurnOnGround
5053F051	Pawn_ST_Layer_SlapInsectOnNeck
50601502	Pawn_Multi_HitReaction
5062211D	pawn_st_duty_lootabort
50AA2ACC	ML08_SE01_Boss_GreetAE
50CD230F	sm08_se01ufll_boss_accept
5116A7A1	ML01_SE01_Helper_Greet_Idle
5120FC8B	ML03_SE01_Helper_Abort_AA
512538EC	civilians_female02_reaction
512ED027	ML03_SE01_Boss_Greet_Idle
513A3236	pawn_st_social_scootoverbsitabort
513D5246	sm02_se01ufll_boss_wait
516DB352	sm08_se01ufll_helper_exit_idle
5171EAE1	ml06_se01_helper_exit
517D94BA	unimog_dlc
5189AE6F	Ithaca
51902F1F	ML01_SE01_Boss_Offer
51DE993B	ML02_SE01_Helper_Rbst_AB_AD
52098E96	turret_axis
52679411	chaircolonial01
5279496F	flare_gun
5299ABBC	Pawn_ST_Rest_SitChairV1
52ADEACB	sm00_se01_TaxiDriver_Event_110
52BCF4A7	pawn_gesture_handshrugb
52F56F8B	pawn_gesture_intimidatingV1
535AD081	sm08_se03_ufll_Boss_Dead_idle
5360FAAA	ml07_se04_Informant_Exit_idle
5366C317	pawn_gesture_fingerjaba
536F80FC	sm00_se01_TaxiDriver_Event_010
537ED4DB	sm10_se02_buddy_dialb
53988BF2	ML01_SE01_Helper_Offer
539D6C3D	sm08_se03ufll_jackc_greet_00
540A3D39	ML11_SE01_Helper_Recap_Idle
543F3B5F	ml01_se03_ChiefsBrother_Exit_idle
5460E13B	sm02_se01ufll_boss_a0
546B609A	sm02_se01apr_boss_greet
54981524	Pawn_ST_Abort_Stand_Generic
54A58162	ml04_se01_helper_exit
54F8D245	Pawn_ST_Duty_ExamineMap
551FEE94	ML10_SE01_Helper_Convo
5550F4E0	sm00_se01_GuardRight1_Event_80_StartIdle
5559D495	ML07_se01_Boss_Rbst_AB_AD
559718B4	ML12_SE01_Helper_Accept_Idle
559C7DAD	pawn_gesture_ThroatSlash
55A3F073	Pawn_Gest_IntimidationSit
55C9CA5B	buddydown
55EE9598	star_model_p
55F411EC	ML01_SE01_Helper_Recap
5627FDD7	ML06_SE01_Helper_Convo_Idle
56296AE1	sm02_se01apr_boss_recap
568006F9	3rdGe_FulB_Blind2Crouch_+000Fw_PrAk4_I1
569BC4D4	ML07_SE04_DJLord_SitIdle
56AEDC6A	sm08_se01ufll_boss_recap_idle
56C7812F	sm02_se01apr_boss_a0
56CFD84E	Pawn_Generic_PlantWeapon
56DD3CF4	sm08_se01apr_boss_c0
56F82A36	ml01_se04_Victim_Greet
5707215A	Pawn_ST_Rest_Sit3Pre
5713D6A5	Pawn_ST_Duty_Guard3Post
571ACF72	pawn_st_duty_diamondpost
571C36E0	ML09_SE01_Helper_Rbst_AA_AC
573DC943	pictureframe
573FC2EA	pawn_gesture_CoverEars
57608C46	buddyrescue_event2
5799F043	sm11_se01apr_boss_exit_idle
57BCB207	sm01_se01_jackc_idle
57BE04A8	Pawn_Generic_Melee_Charge_Begin_FullBody
57BE8D9C	Pawn_ST_Social_Boxing
57C7EED5	ML08_SE01_Boss_GreetAA
57EB42B5	pawn_gesture_LookAround
57EDD808	sm08_se01apr_helper_greet_idle
5802646B	ML05_Base_Boss_GreetAB
580DD2F3	buddyrescue_exit1
58393232	sm10_se02_guard02_wait01
584BAB56	pawn_gesture_LostPanic
586C979D	pawn_player_machete_killground_begin
5871CEAA	Pawn_ST_Rest_SleepBedV3Pre
58782093	ML05_Base_Boss_Finish_Idle
5882DAB3	pawn_gesture_confused2
588B9164	electricalbox01
588C3631	pawn_hmrhealth_oncovercallhelp
589A4DDC	Pawn_ST_GazelLieDown
589B38F7	SM16_SE01_Jack_Exit_Idle
58B470EB	ML01_SE03_ChiefsBrother_DialA_Pickfile
58B6AD26	ml12_se03_Victim_Stand_idle
58D9E58C	Pawn_Generic_DesertCollapse
59009F9E	ML04_SE01_Boss_GreetAC
591DEB95	sm02_se01ufll_boss_greet_b
5929571F	Pawn_Gesture_BeckonSmall
59501EE4	Pawn_Generic_Computer_Cycle
595A1C02	ML12_SE01_Boss_Convo
59FB25D0	pawn_hmrhealth_toknee
5A026A21	pawn_gesture_shove1right
5A399677	ML09_SE01_Helper_Offer
5A94E52F	ML05_Base_Helper_PickUp_File
5A9D20FB	ML12_SE01_Helper_Exit_Idle
5AA1FEE9	BodyWhaWha_GestLayer_A2_IntHigh
5AB3A9F9	ML06_SE01_Boss_GreetAB
5AB8012E	ML02_SE01_Boss_GreetAD
5AD93DE7	ml02_se01_helper_exit
5AE8698A	ML08_SE01_Helper_Rbst_AB_AD
5AFFB8FF	Pawn_ST_GazelLieDownPre
5B0C12F6	Pawn_Sync_Machete_FinishFlip
5B3A5850	Pawn_Generic_MapCompass_Targeting
5B7E3A22	Pawn_ST_Rest_PushupPost
5B8C192A	gm00_se01_greet
5BEE32EC	cabinet01
5C23DAD7	sm03_se02a_marty_convo
5C2AC651	ML03_SE01_Helper_Rbst_AA_AC
5C2CD9CC	gm00_se01_brief_b
5C399643	Pawn_Gesture_Wave1
5C550C69	ML09_SE01_Helper_Recap
5D41AC4E	Pawn_ST_Layer_Drink1Pre
5D64D00C	Pawn_ST_Rest_LeanHoriz3
5DA0300E	pawn_generic_healsyringe
5DDE6DE0	ML06_SE01_Boss_GreetAF
5E491C42	Pawn_Vehicle_Dive_Right
5E4AD374	sm10_se02_buddy_RemoveBrick
5E62A405	sm08_se01apr_helper_briefing
5E77CC2D	Pawn_ST_Rest_Sleep1Post
5EB9B93D	ML03_SE01_Boss_Finish_Idle
5EE518AE	ML07_se01_Boss_Finish_Idle
5EE8032A	sm04_se01_corpse01_idle
5EFC5FBE	sm06_se01apr_boss_rbst
5F1DCCE8	sm11_se01apr_boss_convo_idle
5F2160AE	Mp_DeathRecover
5F3A8C65	sm02_se01apr_boss_accept
5F6FA072	ML05_Base_Boss_GreetAF
5F77584A	sm08_se03apr_player_greet_00
5F825CF6	pawn_st_duty_firstaidapre
5F93E3D0	sm01_av01_deserteagleanchor
5FA35262	sm05_se01a_player_drinkrecoverwait
5FAEEC83	ML09_SE01_Helper_PickUp_File
5FDF5F22	ML07_se01_Helper_Rbst_D
5FF1D138	sm10_se02_brokenwall_wait03
5FFDAA9E	Pawn_ST_Rest_PhoneNoSignal
60027F0B	Pawn_Generic_Die
600E90D6	ML06_SE01_Helper_Greet_Idle
6019A70C	sm08_se01ufll_helper_pickupfiles
60216C71	pkg_a3sm16_se01
60493CA3	sm02_se01ufll_boss_recap
60660CE0	pkg_a2lm12_se05
6069F61F	pawn_st_abort_liedown
607AAEE7	ML11_SE01_Helper_Accept_Idle
609B8849	sm00_se01_TaxiDriver_Event_130
60DC5C1B	briefcasediamonds
60FB7D00	cine_civ03
6137D8A2	dlc1_sawedoff_shotgun
614E9C12	sm11_se01ufll_boss_wait
6159E27E	sm00_se01_TaxiDriver_Event_030
61623D99	pawn_st_duty_surveillancepost
61C4B509	sm08_se01apr_helper_convo_idle
620B36D8	sm02_se01ufll_boss_greet
624000FA	Pawn_Machete_killground_begin
627DDDEF	base_animateddoor
6288FC8F	ml00_base_player_sit
62B7700C	ML06_SE01_Boss_Abort_AB
62C799CC	Pawn_ST_Duty_ReloadGrenade
62EBF5AF	sm04_se03_jackc_brief_ab
631711EB	Pawn_Generic_Revive_GetUp
6322D9D8	ML08_SE01_Boss_Rbst_C
632CC22C	BodyWhaWha_GestLayer_A1_IntHigh
6354E05A	ML03_SE01_Boss_GreetAF
636453DD	Pawn_ST_Rest_RestButtTablePost
6364FC23	cine_civfemale_walk03
6383156D	sm02_se01apr_boss_accept_idle
6418AECE	sm11_se01apr_boss_greet
64328C94	ML07_se01_Boss_GreetAD
64392443	ML03_SE01_Boss_GreetAB
643975BC	sm00_se01_TaxiDriver_Drive_080
645CADF0	pkg_a2sm04_se01
646BAC75	pawn_buddydown_cradleidle2
648A4272	Pawn_Vehicle_Barge_Driving
64C81515	ml00_base_Guard_ExitOpen
64CFC6DC	sm11_se01apr_chair
64CFCB51	Quadruped_Generic_Movement
64EB5E76	sm08_se01apr_boss_a0
64F1E3AD	sm02_se01apr_boss_c0
650804EE	Pawn_ST_Duty_Inventory1Post
6508DC8D	sm04_se01_player_walkinginsandstorm
6561D451	pawn_buddydown_CradleDegenerate2
6571E769	pawn_buddydown_buddycall
65D58B1B	sm11_se01ufll_boss_accept
65E26DA6	pawn_st_duty_megaphonepre
65E9B7A9	pkg_a2sm06_se01_apr
660FC914	Pawn_Generic_Vehicle_GetIn
665683B9	sm02_se01ufll_boss_c0
665AA4B5	sm11_se01apr_boss_recap
66E8FED4	Pawn_Generic_Revive_FallDown
66EDAD02	Pawn_ST_Rest_RestButtTablePre
6707BD26	ML03_SE01_Boss_Convo_Idle
673FCAA0	ML01_SE01_Helper_Convo_Idle
6751117D	anchor
676043DF	pawn_social_aimedat_end
676CCE4C	Pawn_Generic_MagicCratePick
6786B207	sm10_se02_guard02_DialSpotB
6787CE30	Pawn_Generic_MagicCrateSwitch_End
678A1224	ML01_SE01_Boss_GreetAC
6796B919	cine_civ07
679EBA0F	Pawn_Generic_Movement
67BD60DD	ml11_se01_helper_exit
67DB6E54	civilians_male01_reactionPre
67FCEE1B	pawn_gesture_raisefistleft
681235D2	Pawn_Generic_Aim
682202BC	ml07_se04_Informant_Stand_idle
68508EB9	DLC_Unimog_RepairVehicule_End
68525608	sm10_se02_guard02_gettingprisonner
68C3B639	ML06_AV01_player
69209A6D	BodyWhaWha_GestLayer_A1_IntLow
6934A1E9	sm11_se01apr_boss_greet_idle
693C962D	ml04_se01_helper_greet
69B898FE	sm03_se02b_ChurchAssault04
6A0117A2	Pawn_Generic_UnJamTry
6A104AFC	pkg_a2sm05_se01b
6A5AF2A5	sm06_se01apr_boss_pickupfiles
6A7CA75F	Pawn_ST_Layer_BiteFingerNails
6A7F2C15	Pawn_ST_Duty_RefuelVehicle1Post
6AEEA3BC	sm01_av01_player
6B43FF20	Grin_trade_TapeForPiles
6B4E14D6	Pawn_ST_Abort_Guard2
6B7E9C56	ML04_SE01_Helper_Recap
6BD13B44	BodyWhaWha_BaseLayer_SitChair
6BFC27A1	sm08_se03_apr_jackc_exit_00
6C2179D5	ML04_SE01_Boss_Rbst_AB_AD
6C5E666D	sm11_se01apr_boss_exit_idle1
6D120648	ML04_SE01_Helper_Offer
6D1C71D8	civilians_couple_female_reaction
6D2B7319	ML12_SE05_Teacher_DialB
6D32F126	ML04_SE01_Helper_Rbst_AA_AC
6D428927	ML05_Base_Helper_Rbst_AA_AC
6D6540FA	DesertEagle
6D66DB1B	pawn_generic_slidefinish
6D909535	Pawn_ST_Duty_Oratory
6DAF3C1C	sm08_se03_apr_JackC_Rbst
6DC87777	sm08_se01ufll_boss_b0
6E12874B	ML04_SE01_Helper_Rbst_C
6E2B0FA1	ML09_SE01_Boss_GreetAC
6E4A927B	Pawn_ST_Rest_SleepBedV1Abort
6E76CE24	mp5_sd3
6E7E40BA	pawn_st_social_conversation
6EC751A9	sm08_se01ufll_boss_greetb
6F1CA942	3rdGe_FulB_BspStandIdle01+000Fw_NoWep_I1
6F3E1BBF	pawn_gesture_HoldPosition
6F597B05	Pawn_Gesture_Knock
6FBF523C	ml12_se05_informant_Exit_idle
702FD9E6	ML02_SE01_Boss_Convo_Idle
704CA95D	M79
7071D24C	Pawn_ST_Rest_RestButtTable
70816B69	AS50
70930703	pawn_gesture_DiscouragementV2
70B07055	Pawn_Generic_Melee_Charge_Slash
70E0232C	Pawn_ST_Rest_Drink2
70F23263	sm06_se01ufll_boss_greet
70FA6FD3	pawn_st_duty_potatoa
71025354	ML06_SE01_Boss_Offer
71027A8E	pawn_generic_takewhiskybottle
7172EB65	ml12_se05_informant_Stand_idle
718E082F	surface_target
71A5EFB3	sm11_se01apr_boss_rbst
71A71C57	ML02_SE01_Boss_Rbst_C
720D5D3D	pawn_hmrhealth_lyingcallhelp
728169FF	urbantablesquare01
7287DDED	ML11_SE01_Boss_GreetAF
72B03818	sm06_se01ufll_boss_recap
730599EE	DLC1_DumpWeapon
73076D26	Pawn_ST_Rest_Lean1_right
7314825A	dlc1_crossbow
73542667	DLC_Quad_RepairVehicule_Start
736C5F24	sm10_se02_player_outro
7393811B	Pawn_ST_Duty_ChopUpCarcass
73993AD1	pawn_st_duty_First_Aid_In_Second
73A57F34	ML01_SE01_Helper_PickUp_File
73F04149	ml12_se05_informant_SitAlerted_idle
73F1CB13	sm08_se01ufll_helper_rbst
74558F3D	ML02_SE01_Helper_Rbst_D
7457D66F	BodyWhaWha_GestLayer_A0_IntHigh
746B5455	gm00_se01_idle
746C3B73	Pawn_Generic_Fall
74D34636	sm08_se01ufll_boss_c0
74FDE87D	Pawn_Generic_Malaria_Attack
7503DE2B	DLC1_SingleBulletReload_Loop
7518E66E	pawn_st_abort_sitcouch
7520F7FD	pawn_generic_die_hit_Location
753034BB	OpenOutsideDoor_Player
759C18DC	sm10_se02_brokenwall_singlebrickbreak
75B85288	ML10_SE01_Helper_Greet_Idle
75EA19F4	ML11_SE01_Boss_GreetAB
75EB9900	ML12_SE01_Helper_Rbst_C
75EDE32A	Pawn_ST_Rest_Eat1
760BFA99	Pawn_Sync_Machete_FinishGround
7639E228	DLC_Unimog_GetOut
765096D7	sm06_se01apr_boss_convo_idle
766F4DF3	sm04_se01_corpse02_bounce
76A8FE6B	pawn_st_duty_diamondpre
76E020DB	Pawn_buddyrescue_short
77027EC8	civilians_female02_reactionPre
77A3D8AF	pawn_st_duty_loot
77C0F68A	Pawn_Generic_LadderGetInTop
77C80385	DLC1_MagicCrateSwitch_End
78160AD5	sm08_se03apr_jackc_brief_cb
7842D33F	sm00_se01_TaxiDriver_Event_020
785C7B4C	DLC1_SlideStart
787B45FB	Pawn_Gesture_Beckon
78843378	ML12_SE01_Helper_Rbst_AA_AC
788E3BD6	pkg_a2sm08_se01_ufll
78926963	DLC1_PrepareWeapon
78B0443A	sm10_se02_buddy_wait01
79190002	Pawn_Generic_JumpDown
794E6E47	ML10_SE01_Boss_Abort_AB
796093AA	Pawn_ST_Duty_KickFire
7980B908	sm00_se01_TaxiDriver_Event_120
79C324D1	Pawn_Generic_Throw_Fullbody
79C9FA4A	player_pushed
79E428D6	Pawn_Sync_Machete_FinishDisarm
79F1D67D	Pawn_ST_Rest_PhoneTalkAbort
7A0FCB51	ML06_SE01_Boss_Rbst_C
7A465E99	ML07_se01_Helper_Convo
7A5746FD	pawn_hmrhealth_kneeidle
7AFB583C	sm01_se01_player_lyingbed_idle2
7B20871A	pkg_a2sm08_se01_apr
7B347A1A	sm10_se02_player_intro
7B4F3B6B	ML08_SE01_Boss_Abort_AB
7B5BD21A	pawn_hmrhealth_carrytocover
7B80BA01	pawn_gesture_VehicleCollision
7BAA5153	BodyWhaWha_BaseLayer_FastExit_Right
7BED2AD6	pawn_gesture_AskingForHelpV1
7C257DEE	Pawn_ST_Rest_Lean1_rightabort
7CB375EC	DLC1_MagicCratePick
7CB433A9	ML05_Base_Boss_Abort_AB
7CBED16E	pawn_hmrhealth_healerkilled
7CC5ADA9	sm03_se02a_marty_push_wait
7CD39593	Pawn_ST_Rest_LeanVTPre
7CDF1622	pkg_a1gm00_se02
7D0A8E65	ML11_SE01_helper_abort_AB
7D365B6D	ML01_SE03_ChiefsBrother_Greet_Idle
7D546F40	Pawn_Generic_LadderGetOutBottom
7DB37363	Pawn_ST_Rest_Lean1Post
7DDBCE9B	pawn_gesture_raisefistright
7DEAD2EC	sm02_se01apr_boss_b0
7DF1DCFC	pkg_a3sm16_se02b
7E5C422A	Pawn_ST_Rest_SitOnGroundV1Post
7EA0C55C	Pawn_Generic_RepairVehicle_End
7ED4F6D0	ML05_Base_Boss_Rbst_AB_AD
7EED155F	Pawn_Generic_MagicCrateSwitch_Start
7EF2E3AB	sm03_se02a_marty_convo_wait
7F1BE861	Pawn_Vehicle_Barge_Start
7F4D9A0D	pawn_st_rest_leanvt_leftabort
7F4DB2F8	sm02_se01ufll_boss_b0
7F70350B	ML01_SE01_Helper_Abort_AA
7F7E19A7	ML01_SE01_Boss_Greet_Idle
7FB1296B	Pawn_ST_Duty_Guard3Pre
7FBF33D2	pkg_a2lm07_se03
7FDBA0D2	ML04_SE01_Boss_Rbst_C
7FE8FDAE	3rdge_fulb__bspsitbenchidle01+000fw_nowep_i1
80256E8D	ML09_SE01_Boss_GreetAA
80535509	sm02_se01apr_boss_greet_a
805FF708	pawn_st_social_potatobpre
8073DD2E	sm02_se01ufll_boss_convo_idle
8079CF04	SM09_SE05_Buddy_KneeToStand
807A52EF	BodyWhaWha_BaseLayer_Stand_NoTurn_Left
80DB3DCB	sm03_se02b_ChurchAssault02
80E42C09	Pawn_Generic_Open_Door
80EDFD80	sm08_se03ufll_player_greet_00
813B873A	pawn_gesture_gaga
81D47C32	Pawn_ST_Duty_Inventory2
82280EEF	pawn_generic_slidestart
826FD297	Pawn_ST_Rest_SitChairV3Abort
828A4C2A	pawn_gesture_PanicV2
82AD3BB5	sm00_se01_TaxiDriver_Event_080
82D1437A	Pawn_Generic_SingleBulletReload_Cycle
82D48B6A	sm10_se02_guard01_gettingprisonner
82FD6ECC	ML11_SE01_Helper_Convo
83057605	Pawn_ST_Rest_SitChairV1Pre
831B9B1F	ML09_SE01_Helper_Greet_Idle
83570899	pawn_st_social_potatobpost
835E610B	pawn_hmrhealth_kneecallhelp
8360DD93	pawn_st_duty_surveillance
83700CBE	Pawn_St_Duty_KickTire
839D46C8	sm08_se01ufll_boss_rbst
83DAC83A	pawn_st_rest_leanbackwall_armpre
83F3D69F	ML01_SE01_Boss_Abort_AB
83FBA837	Pawn_ST_Duty_ExamineMapAbort
841E0662	Pawn_ST_Rest_Drink2Post
842475BA	ML08_SE01_Boss_Convo
8494066B	sm10_se02_buddy_DialSpotB
85110A5E	ML01_SE01_Helper_Rbst_AA_AC
852004BB	ML11_SE01_Boss_Abort_AA
85297DD8	ML03_SE01_Boss_Rbst_AA_AC
85A3C981	ML12_SE01_Boss_Rbst_AB_AD
85ACBFD8	ML03_SE01_Boss_Offer
85B1A653	DLC_Quad_RepairVehicule_End
85BDD311	Pawn_ST_Rest_Drink
85C5CAF4	Pawn_ST_Rest_SmokeOnChairPost
8637CDD4	Pawn_ST_Rest_SleepBedV2Post
863FF317	Pawn_Multi_Radio_Adjust
8713EDF4	Pawn_Gesture_Lookclose
87215197	ML09_SE01_Boss_Abort_AA
87257DC5	Pawn_ST_Rest_SitChairV3Post
8725AE28	Pawn_ST_Rest_EatHandFoodPost
8748AA94	ML09_SE01_Boss_GreetAE
87670870	ML01_SE01_Helper_Accept_Idle
87B68EB6	civilians_couple_male_reaction
87B6F9D2	sm03_se02b_ChurchAssault06
87CDAC77	sm00_se01_TaxiDriver_Drive_030
882D6BAE	ML03_SE01_Helper_Greet_Idle
888BF953	ancor_safehouse_exercise1
88A99BF9	sm11_se01ufll_boss_exit
88B7C96B	sm08_se01apr_helper_greet
88C2179A	Pawn_BuddyRescue_BuddyEvents
88CBE4C1	sm00_se01_ConvoyGunner_Event100
88D26B55	pawn_st_social_drinkbeercrateBpre
88D33177	sm03_se02b_priest_beckon
88D6DDB6	ml07_se04_Informant_Greet
88EFD63C	ml10_se01_helper_exit
890312F7	pawn_st_duty_fishing
8905A9D5	pkg_a2lm12_se03
893CF139	Pawn_ST_Rest_PhoneNoSignalPost
8940AFCE	Pawn_ST_Rest_DrinkPre
8953EA81	Quadruped_Eat
8971EC4D	Pawn_Generic_DumpWeapon
89847308	ML01_SE01_Boss_GreetAA
8998D835	cine_civ05
899E65EF	Pawn_ST_Rest_LeanHoriz3Post
89BCFA3F	pawn_st_social_drinkbeercrateB
89C3CCD5	ML08_SE01_Boss_Rbst_AB_AD
8A1277FC	Safehouse_Interactable
8A164C00	sm11_se01ufll_boss_recap_idle
8A3CEDB8	ML07_se01_Boss_GreetAF
8A469296	Pawn_St_Duty_WriteNotepadLoop
8A52CCDC	pkg_a2sm04_se03
8A9E1FCE	ml00_base_Guard_DoorOpenIdle
8AC06A93	pawn_Gesture_Staydown
8AF5C310	sm08_se01apr_helper_recap
8B08BFFD	Pawn_ST_Rest_TieShoes
8B5C092B	pkg_a1sm02_se01_ufll
8B97E52B	sm11_se01ufll_boss_exit_idle
8BB78C31	ML08_SE01_Helper_Recap
8BCFB407	sniper_m1903
8BECA7B2	pawn_gesture_hangout
8C152587	pawn_st_duty_sniperspotterapre
8C706F39	ML09_SE01_Boss_Rbst_C
8C9EC085	Pawn_St_Duty_PaperworkPost
8CA6E50D	weapcase_special
8CDA7813	pawn_buddydown_cradlegunchintosyrette
8D01B044	SM16_SE01_Jack_Rbst
8D073684	Pawn_Generic_Malaria_HealGround
8D177C2F	pawn_gesture_HurryUpV2
8D2F7222	ml05_base_helper_exit
8D3B430A	ML02_SE03_Politician_Diala
8D3BBDBF	ml12_se01_helper_exit
8D5129A1	ML07_se01_Boss_GreetAB
8D5A8176	ML03_SE01_Boss_GreetAD
8D668CC5	ML10_SE01_Boss_Convo
8D6A9D0F	cine_civfemale_walk01
8D80EA40	sm02_se01ufll_boss_accept_idle
8DCD14DE	Pawn_ST_Duty_Guard2
8DDB162F	ML08_SE01_Helper_Offer
8DEDDC2C	sm02_se01apr_boss_convo_idle
8E0F96E0	MAC10
8E216069	ML02_SE01_helper_accept
8E38B0C4	BodyWhaWha_BaseLayer_LeanBar_ThenStand
8E49EB33	sm08_se01apr_boss_greet_b
8E4DDCDA	sm03_se02a_marty_beckn
8EB4C4F5	Pawn_Generic_MagicCrateDrop
8EB6370E	sm08_se03apr_player_brief_cb
8ECC604D	BodyWhaWha_BaseLayer_LeanBar
8EE9B711	ML01_SE01_Boss_GreetAE
8EF51C2C	cine_civ01
8F16201C	pawn_generic_malaria_attack_in
8F172F41	pawn_gesture_raisefistrighta
8F1C31D8	ML04_SE01_Helper_Convo_Idle
8F1E6A24	pawn_hmrhealth_kneetostand
8F409A04	sm11_se01ufll_boss_pickupfile
8F5621D8	ML03_SE01_Helper_Rbst_C
8F6C49D9	ML05_Base_Helper_Convo_Idle
8FC94C06	Pawn_Gesture_ThumbsDown
8FF8B793	USAS12
9011B442	Pawn_PickupDiamond
90A9971D	Pawn_Generic_Revive_Sync
90CE6085	Pawn_ST_Rest_SmokePre
913C0CBD	ml04_se03_informant_Greet
913D39A6	sm10_se02_brokenwall_multibrickbreak
915FFFE9	DLC1_SingleBulletReload_Begin
9187A678	ml12_se01_helper_greet
91B0D9EB	Pawn_ST_Rest_SitChairV2Pre
91E70BEF	Pawn_ST_Rest_RestButtTableAbort
92011918	ML02_SE01_Boss_Rbst_AA_AC
921841C8	pawn_st_social_scootoverbsit
921A0A48	sm08_se01ufll_boss_accept_idle
928673FC	Pawn_ST_Rest_Leanhoriz2Abort
92AA8D95	Pawn_Generic_Aim_First
931EB9B5	SM16_SE01_Jack_Convo_Idle
9325ADFD	SM16_SE01_Jack_Accept
932C9414	Pawn_Sync_Machete_Miss
932E537B	ML03_SE01_Helper_Convo
93535A62	Pawn_Generic_Computer_Begin
935A07E0	Pawn_Generic_Die_Ragdoll
935D33F8	Pawn_Generic_LadderGetOutTop
93A31AEA	Pawn_ST_Duty_FixWeaponPost
93ADAABB	map
93B68EEC	pawn_st_duty_potatoapost
93C5AC03	ML12_SE01_Helper_Recap
93EAA768	DLC1_UnJamTry
9478B20F	Pawn_ST_Duty_WipingTablePost
94B8D9A3	ML11_SE01_Helper_PickUp_File
94F60277	pawn_hmrhealth_lyingtocarry
955C9246	sm08_se01apr_helper_accept
955D7DB0	ML07_se01_Boss_Rbst_C
956B7F55	DLC1_MagicCrateDrop
956F4D6D	sm00_se01_GuardLeft1_Event_80_StartIdle
9576342C	Pawn_Generic_Die_Final
95A9361D	ML12_SE01_Helper_Offer
95D67DB6	Pawn_Generic_RepairVehicle
96742B65	Pawn_ST_Duty_WeldingPre
9685A84C	pawn_st_social_drinkbeercrateBpost
96C44DF9	quad
96C8A99F	Pawn_Machete_HitLeft
96F7E845	pawn_gesture_SearchTargetLow
970EFA1D	Pawn_ST_Duty_Welding
9714538A	Pawn_Sync_Machete_FinishSlam
972BEE6D	pawn_hmrhealth_standtoknee
97649B94	pawn_gesture_oka
97783CD6	Pawn_St_Duty_WriteNotepadlooppost
9785EB6B	Pawn_ST_Rest_Sit2
97952715	Pawn_Generic_Revive_GetUp_FromSync
97A1C9FA	sm03_se02a_marty_diala
97FFBDE5	Pawn_Machete_HitRight
9820688B	Pawn_ST_ChickenSit
984C4B4D	SM09_SE05_Buddy_StandToKnee
9894C4AD	3rdge_fulb_bspbkn01+000fw_nowep_i1
98A977F8	pawn_st_duty_LightFire
98B4142F	DLC1_Slide
99A4E175	sm06_se01ufll_boss_exit_idle1
9A1F06F3	DLC1_Shoot
9A650DAF	sm06_se01ufll_boss_rbst
9A95BF1D	SocialInteraction
9AAAF386	ML12_SE01_Helper_Convo_Idle
9AADE15F	sm03_se02b_civma1_convo_idle
9AAF23B0	sm00_se01_CivilianTrash1_Event_140
9AC41029	SM09_SE05_Buddy_KneeIdle
9B0834DB	sm08_se03ufll_player_brief_d0
9B21C135	ML01_SE01_Boss_Rbst_C
9B2ADF3D	sm04_se01_player_IdleTruck
9B381057	pawn_gesture_IDontKnow
9B61B26B	Pawn_Gesture_Dismiss
9B68E06D	Pawn_Generic_SingleBulletReload_End
9B7F5F8F	sm06_se01ufll_boss_accept
9B845A8C	ML04_SE03_Informant_TalkMic_DialB_DialC
9B8FF859	Pawn_St_Duty_Paperwork
9B97E79F	Pawn_Generic_OpenDoor_Inside
9BB60AF4	sm00_se01_TaxiDriver_Event_090
9BF45E98	ML07_SE03_Minister_Greet_Sit2Stand
9C6DEE3C	ml07_se04_informant_Intimidation
9C854618	Guard_OpenMainDoor_Outside_Guard
9C89BCC1	ML11_SE01_Boss_GreetAD
9CCE26F1	sm06_se01ufll_boss_greet_idle
9D362A08	ML02_SE01_Helper_Rbst_B
9D5332ED	SM16_SE01_Player_PutDown_BriefCase
9D6C4C7A	pawn_hmrhealth_standidle
9DC890AA	Pawn_Gesture_SoSo
9DD6F237	SM16_SE01_Jack_Recap_Battery
9E68E49F	sm01_se01_player_lyingbed_idle
9E837928	sm16_se02a_player_idle
9EA236E5	pawn_hmrhealth_kneeexpire
9EC8E0C7	Pawn_Sync_Machete_FinishPush
9ED3923F	Pawn_ST_Layer_WipeFace
9ED69D36	sm00_se01_TaxiDriver_Drive_020
9ED91AF0	ML07_se01_Boss_Abort_AA
9EEBA815	ML09_SE01_Boss_Rbst_AB_AD
9EF5AAB6	ML03_SE01_Boss_Rbst_C
9F14F701	sm00_se01_TaxiDriver_Drive_120
9F3B8643	pawn_gesture_handsup1
9F58B67A	Pawn_Player_Rescue_Fall
9F5E1173	Pawn_ST_Rest_SitOnGroundAbort
9F6AE22F	Pawn_ST_Rest_SitChairV4Abort
9F77D19B	Buddy_Unlock_wait_idle
9FC9B2B0	pawn_gesture_loudnoiseclose
A0275485	Pawn_Generic_LeanLower
A054CF69	Pawn_ST_GazelLieDownPost
A08BD542	Pawn_Sync_Machete_FinishGrenade
A08E80CE	pawn_st_abort_kneeright
A0D6395E	BodyWhaWha_BaseLayer_FastExit_Left
A0F71DD0	sm00_se01_Player_Malaria1
A108302A	sm08_se01ufll_helper_accept
A13A39D4	sm08_se01apr_boss_exit_idle
A13D6ABC	pawn_st_social_potatob
A14A2AEA	cine_civmale_walk03
A1556FF0	ML12_SE01_Helper_PickUp_File
A17F34A8	sm08_se01ufll_boss_recap
A18F782C	sm06_se01ufll_boss_briefing
A1BBAFCB	ML12_SE01_Boss_GreetAC
A1BFFF77	ML10_SE01_Helper_Rbst_AA_AC
A1C9258A	buddyrescue_entry0
A1F09E2F	sm00_se01_CivilianBridge1_Event_130
A20899AC	ML10_SE01_Boss_GreetAB
A292E824	sm03_se02b_priest_wait
A298A7A6	computer
A2A9F4AE	ML08_SE01_Helper_Recap_Idle
A2D8FA87	dlc1_silenced_shotgun
A2FA37A8	Pawn_Generic_GetInTurret
A3157FCE	sm08_se01ufll_helper_recap_idle
A33D3ED3	sm08_se01ufll_boss_greet
A3708CA8	pawn_buddydown_ExecuteExit
A391F78C	ML10_SE01_Boss_Rbst_C
A3BE75C2	civilians_male01_reaction
A428854D	Pawn_ST_Rest_SmokeOnChairPre
A44696A0	Pawn_ST_Rest_PushupPre
A45B2616	pawn_gesture_Baveux
A479F722	pawn_buddydown_CradleGetHeal
A48AE63A	Pawn_ST_Duty_CultivateFieldAbort
A495150C	Pawn_ST_Rest_Drink2Pre
A4DCF1C7	ML06_SE01_Helper_Rbst_C
A4ECA4AB	Pawn_ST_Rest_LeanHorizPost
A50748A5	sm03_se02a_marty_exit1
A537D4B4	SM16_SE01_Jack_Greet_Idle
A53EC393	ML04_SE01_Boss_Offer
A5655DB5	ML10_SE01_Boss_GreetAF
A58A9AF3	BodyWhaWha_GestLayer_A0_IntLow
A5ABB076	ml07_se01_helper_accept
A5B10B42	Pawn_Generic_Revive_Expire
A5F25BEE	ml01_se03_ChiefsBrother_Stand_idle
A5FC1CB0	pawn_buddydown_CradleDie
A6459C0F	ML12_SE01_Boss_Rbst_C
A645CAF9	pawn_buddydown_ExecuteReturnToCradle
A6515392	ML05_Base_Boss_Rbst_C
A683F786	Pawn_ST_Duty_CleanVert
A68CB236	Pawn_Generic_PrepareWeapon
A6D3FA73	sm08_se01apr_boss_exit
A70E4E89	ml09_se01_helper_exit
A7189C69	sm08_se03_ufll_JackC_Exit
A73E0E51	sm08_se01apr_boss_recap_idle
A74BA5FF	civilians_male03_reaction
A7D9A4A4	sm04_se03_jackc_greet_ab
A7FF7B89	pawn_buddydown_ExecuteTellShoot
A82F3496	Safehouse_NotInteractable
A8446E67	Pawn_ST_Rest_LeanWall1SitPost
A85F502C	Pawn_ST_Rest_SitOnGroundV2
A8621643	pawn_st_duty_startgenerator
A871F4E5	bu00_player_standup
A8790680	ML04_SE01_Boss_Abort_AB
A89E219A	Pawn_ST_Rest_SleepBedV2
A9045ED9	3rdGe_FulB_BspGetUp01+000Fw_NoWep_I1
A9533C67	pawn_hmrhealth_oncovershootin
A979E527	ML10_SE01_Boss_Finish_Idle
A98B7FD0	Pawn_Multi_Radio_Idle
A98D8327	sm08_se03apr_jackc_exit_00
A99CBE38	Guard_MainDoor_Idle
A99F041F	ML02_SE01_Helper_Recap_Idle
A9D76591	sm08_se03apr_jackc_greet_00
A9FB9CF2	centerscene
AA113489	ml09_se05_buddy_breakwires
AA3FA882	DLC1_Reload
AA4A0126	buddyrescue_killevent2
AA894B2B	pawn_gesture_ShoutOrderV3
AAAAC5DE	sm06_se01apr_boss_convo
AAB3212B	sm10_se02_guard01_Exit
AAE74BF0	sm06_se01ufll_boss_convo_idle
AB468289	Pawn_BuddyRescue_ExitLoop
AB6C9BC7	ML09_SE01_Helper_Accept_Idle
AB79B458	ML01_SE01_Boss_Rbst_AA_AC
AB900B05	ik_steeringwheel
ABDED57B	ml07_se04_informant_SitAlerted_idle
ABF30001	ML10_SE01_Boss_Rbst_AB_AD
AC3C53CA	Pawn_Generic_PassengerVehicle
AC4BA01D	ML11_SE01_Helper_Rbst_AB_AD
AC839E87	ML12_SE01_Helper_Greet_Idle
AC9E503B	Pawn_Generic_Jam
ACD595CB	ml01_se03_ChiefsBrother_SitAlerted_idle
ACD6F797	pkg_a2lm09_se05
AD0E12C3	Grin_trade_PapersForPiles
AD229583	sm00_se01_TaxiDriver_Drive_100
AD45E45C	ML11_SE01_Helper_Rbst_B
AD5A007E	pawn_gesture_salute1a
AD5AC6D7	pawn_st_rest_drinkbeercrateAabort
AD5D7CE1	ML01_SE01_Helper_Exit_Idle
AD63B616	pawn_gesture_middlefingerb
AD780231	Pawn_Generic_Reload
AD7B9CDB	Pawn_ST_Rest_JumpjackPost
AD963B03	SM16_SE01_Player_PickUp_BriefCase
ADA4DEC1	ML06_SE01_Helper_Convo
ADCE3220	sm08_se03_apr_jackc_greet_00
ADD7D8EC	Pawn_Transition_Normal2Ironsight
ADE43FC7	ML09_SE01_Helper_Exit_Idle
ADE78A67	pawn_st_rest_sleep1pre
AE0534FB	Pawn_ST_Duty_ChopUpCarcassPost
AE37DE92	Pawn_ST_Duty_FixWeaponPre
AE37F714	Pawn_St_Duty_WriteNotepadlooppre
AE56926B	ML05_Base_Helper_Accept_Idle
AEBA2EA9	Pawn_ST_Duty_Inventory2Pre
AEBB5B3B	fn_fal
AEE61A06	pawn_st_duty_diamond
AF151353	ML05_Base_Helper_Convo
AF2D892B	Pawn_ST_Abort_FixWeapon
AF44B170	ML09_SE01_Helper_Rbst_B
AF9DB1CE	6p9
AFA7BA48	ml00_base_Guard_ExitClose
AFBADCF2	pawn_gesture_interruptwavec
B009DE7D	sm04_se01_player_standup
B0111F92	Pawn_ST_Layer_TalkRadioPost
B0149B42	ml04_se03_informant_SitAlerted_idle
B03F7B90	Pawn_ST_Rest_Lean1Pre
B0423EA0	Pawn_ST_Duty_WeldingPost
B05FE085	ml01_se01_helper_exit
B06326F1	Pawn_ST_Duty_CheckJarPre
B0633AAB	ML04_SE01_Boss_GreetAE
B071ACF7	Pawn_Generic_Shoot
B08E5379	sm08_se01ufll_helper_recap
B09603F2	sm08_se03apr_player_exit_00
B0FF5135	Pawn_ST_Rest_LeanWall1Sit
B1577B5E	sm08_se01ufll_boss_pickupfiles
B161C15E	ML05_Base_Boss_GreetAD
B1A58851	DLC_Quad_Passenger
B1D9D851	sm10_se02_buddy_greet
B1DE2391	pawn_gesture_losttargetb
B1DEB524	sm08_se03apr_player_all
B1FFB014	sm10_se02_brokenwall_wait01
B2021990	malaria
B20D6B62	pawn_generic_die_ragdoll_corpse
B2235441	Pawn_ST_Rest_SitonGroundV1Abort
B232ACCA	sm08_se03apr_jackc_brief_d0
B28ABE23	ML02_SE01_Helper_Accept_Idle
B2BE3FEC	Pawn_ST_Rest_Eat2Post
B2CA6987	Pawn_ST_Layer_Swat1
B2CC5902	sm08_se01ufll_helper_greet
B2D03599	Pawn_ST_Layer_Drink1
B2DABE2B	pawn_generic_slide
B2DC3BEC	pawn_st_duty_megaphonepost
B2F027F5	ancor_safehouse_writenote
B326236C	DLC_Quad_MalariaAttack
B32F6AD4	ML01_SE01_Boss_Finish_Idle
B33077AB	sm02_se01ufll_boss_exit_idle1
B3528EB9	sm08_se01apr_boss_convo
B3577858	DLC_Unimog_Passenger
B36AB120	Pawn_ST_Rest_LeanHoriz1
B38018CB	ML12_SE01_Boss_Abort_AB
B39629F2	ML09_SE01_Boss_Finish_Idle
B3975234	Grin_CivilianBystander_Male_Wait
B3D00CCC	ML06_SE01_Boss_GreetAD
B3DBA41B	ML02_SE01_Boss_GreetAB
B3FED516	Pawn_Sync_Machete_BeginKill
B4093D29	ML06_SE01_Helper_Rbst_AA_AC
B40C471D	Pawn_ST_Rest_LeanWall1V3Pre
B439A4C2	sm00_se01_TaxiDriver_Drive_110
B48F5443	sm08_se03_apr_player_exit_00
B4B66002	ML02_SE01_Boss_GreetAF
B4DB8637	Pawn_ST_Rest_SitChairV4Pre
B4F6075F	pawn_gesture_Order01
B4FE4C5F	Pawn_ST_Rest_LeanHoriz2Post
B520392E	SM16_SE01_Player_PickUp_Battery
B532F61E	ML09_SE01_Helper_Convo_Idle
B54F7CF9	gm00_se01_brief_d
B553CAEF	ML02_SE01_Boss_Abort_AA
B55D6B0D	sm00_se01_ConvoyDriver_Event100_Start
B58B8B06	ml03_se01_helper_exit
B591C63C	pawn_buddydown_cradlegunchinexit
B5FBCEF5	sm00_se01_TaxiDriver_Drive_010
B608AAE3	ML02_SE01_Boss_Convo
B65AB02F	sm02_se01ufll_boss_greet_idle
B67BC9B2	Pawn_ST_Rest_LeanBackWallPost
B6A9134A	M16
B6BCCD5A	Pawn_ST_Rest_SitOnGroundV4Post
B6BCFA17	ML07_se01_Helper_Rbst_B
B6C45338	pawn_st_rest_scootoverasitabort
B6E2D0A8	sm11_se01ufll_boss_exit_idle2
B70BF312	ML10_SE01_Helper_Exit_Idle
B70EFEB2	ML04_SE01_Boss_GreetAA
B72517E7	Pawn_Gesture_WaveFist
B76BF28F	lpo_50
B7806081	ML09_SE01_Boss_Offer
B794525C	sm02_se01apr_boss_rbst
B79F239A	Pawn_ST_Rest_Eat2All
B7A69298	civilians_couple_reactionPre
B7B56558	buddyrescue_event8
B82CDC63	Pawn_Player_Rescue_Idle
B8DA55AD	sm02_se01ufll_boss_exit
B9355CD9	ML04_SE01_Helper_Greet_Idle
B94524D8	ML05_Base_Helper_Greet_Idle
B96EED6A	buddyrescue_event0
B9916B7F	bu00_LeanWall
B99F9BEE	Pawn_Generic_Gadget
B9C98FF9	ML08_SE01_Boss_GreetAC
B9E98746	Grin_CivilianTrader_Stand_idle
B9FD6243	ML07_se01_Helper_Rbst_AB_AD
BA1283EF	civilians_female01_reaction
BA182663	pawn_hmrhealth_standfall
BA1D71EE	sm10_se02_buddy_diald
BA37BDE2	pawn_gesture_DenyV2
BA3F1BA9	Pawn_Generic_UnPlantWeapon
BA455475	Pawn_ST_Rest_SitChairV2Post
BA524F82	sm08_se03ufll_rwrld_dead
BA568E33	Pawn_ST_Social_AskDirection
BA71040C	Pawn_Generic_Computer_End
BA987140	Pawn_ST_Rest_LeanWall1SitAbort
BA9E12EC	Pawn_Transition_Jump_Begin
BAC54D6D	sm04_se01_corpse03_bounce
BACA31BC	gm00_se01_exit_ab
BADFB262	ML05_Base_Helper_Rbst_C
BB0F4A04	pkg_a1sm03_se02b
BB120342	turret_browning
BB157A59	Pawn_Generic_GlassCabinet
BB217CF5	Pawn_ST_Duty_CultivateFieldPost
BB57E464	Pawn_ST_Rest_SleepBedV3Post
BB63429F	pawn_gesture_covernoseb
BBA0C7F4	pawn_st_rest_leanbackwall_armabort
BBA3D892	pawn_st_duty_potatoapre
BBAC7926	ML02_SE03_Politician_Stand_Idle
BBC4B12D	sm02_se01apr_boss_greet_idle
BC0F8147	Pawn_ST_Duty_Inventory1Pre
BC19FE6A	pawn_gesture_shove1left
BC373DB6	Pawn_Player_Rescue_EndDrag
BC53FB11	ML09_SE01_helper_accept
BC69F53D	chaircolonial03
BC80558C	sm08_se03apr_player_brief_ab
BC97CA90	Pawn_ST_Rest_SitChairV3
BCA91B5A	Pawn_Generic_MacheteSwing
BCBC4808	gm00_se01_wait2
BCC027CA	sm10_se02_buddy_Exit
BCDB64C1	ML11_SE01_Boss_Rbst_AB_AD
BCFB0EA7	pawn_gesture_intimidatingV3
BD24BAA0	ML08_SE01_Helper_Rbst_C
BD28F962	Pawn_Multi_DieRagdoll
BD306C72	sm08_se01apr_helper_rbst
BDA087F2	pawn_st_social_sniperspotterbabort
BDA85170	weapcase_secondary
BDF5839C	ML06_SE01_Helper_PickUp_File
BDFD15F1	Pawn_ST_Duty_RefuelVehicle1
BE032973	buddyrescue_event4
BE0406AF	ML03_SE01_Helper_Convo_Idle
BE119EE6	sm11_se01ufll_boss_convo
BE235C00	ml07_se01_helper_exit
BE26A0EA	Pawn_ST_Rest_PhoneTalkPre
BE52AE3D	ML11_SE01_helper_accept
BE6F113F	ml04_se03_informant_Stand_idle
BEAE76A9	sm02_se01apr_boss_exit_idle1
BEC299FE	ML11_SE01_Boss_Offer
BF25EF8C	ML10_SE01_Helper_Rbst_C
BF7EBCE4	Pawn_Breathinglayer_Watchbedroll
BF802003	Pawn_ST_Duty_WeldingAbort
BF8963F5	sm03_se02b_civma2_beckon
BFA526C4	pawn_hmrhealth_carryidle
C010BBFD	sm08_se01ufll_boss_convo_idle
C014BA2F	sm02_se01ufll_boss_greet_a
C0999A40	ML06_SE01_Helper_Recap_Idle
C0B255CE	buddyrescue_event9
C0B3B5E8	pkg_a2sm10_se02
C0C9D908	pawn_st_duty_potatoaabort
C0CC8B30	ML06_SE01_helper_accept
C0DE7C7E	sm06_se01ufll_boss_convo
C0E2F03A	Pawn_Generic_LeanUpper
C0E8D1B9	Pawn_ST_Rest_Eat2Abort
C10B35D1	ML05_Base_Boss_GreetAA
C1135ED3	Pawn_ST_Rest_SmokeOnChair
C1306388	sm10_se02_guard02_wait02
C13EA641	sm10_se02_guard01_GuardsEntrance
C1457ABA	Pawn_ST_Rest_Smoke
C1569884	Pawn_Buddyrescue_ThirdBlackout
C160E9CE	Pawn_ST_Duty_Patrol2
C16CE182	Pawn_Generic_Revive_Wait
C1891FA8	Pawn_ST_Rest_Exercise2Post
C18B8B09	pawn_gesture_confused1
C197B704	Pawn_ST_Rest_SleepBedV1Post
C1BBCA81	ML07_se01_Helper_Rbst_C
C224AB47	Pawn_Player_Machete_KillGround
C230B46C	gm00_se01_dictaphone
C240B1F9	Grin_CivilianTrader_Wait_idle
C2641C0B	pawn_gesture_wanker
C2B45AAE	ML11_SE01_Helper_Convo_Idle
C2BA4CB5	ml07_se04_informant_Sit_idle
C383929A	pawn_buddydown_buddyplead
C3BAF843	ML06_SE01_Boss_GreetAA
C3ED7768	sm03_se02a_sync_pushdiab
C40EB83C	Pawn_Generic_Pivot_Discrete
C431AD3E	Pawn_Gesture_TwoFingerPoint
C4451962	pkg_a1lm02_se03
C4D73C5A	ML06_SE01_Boss_GreetAE
C4DC948D	ML02_SE01_Boss_GreetAC
C5008D2C	ML06_SE01_Boss_Convo
C50CFAB2	ML10_SE01_Boss_Convo_Idle
C530C7F9	Pawn_Gesture_Wave2
C5551965	Pawn_ST_Layer_TalkRadioPre
C596F27A	ML06_SE01_Boss_Finish_Idle
C5A6F613	Pawn_ST_Rest_SleepBedV4Pre
C5CA53E9	ML02_SE01_Boss_Finish_Idle
C5F13EE9	ML10_SE01_Helper_Accept_Idle
C633130B	ML09_SE01_Helper_Abort_AA
C63D3FA7	ML09_SE01_Boss_Greet_Idle
C666F1C8	ML05_Base_Boss_GreetAE
C69EE84A	carl_gustaf
C753BE52	sm16_se02a_player_start
C75FF295	Pawn_ST_Rest_Sleep1
C7640A3D	ML04_SE01_Boss_GreetAD
C7949DDF	pawn_st_rest_leanvt_leftpost
C7D04CF8	sm04_se03_jackc_briefb0c0d0_exit00
C7DECC8F	sm02_se01ufll_boss_accept
C7EC7E22	BodyWhaWha_BaseLayer_Stand_NoTurn_Right
C7F8E637	Pawn_Generic_Melee_Charge_Cycle
C822DF1A	ML10_SE01_Helper_Rbst_B
C825C37E	sm08_se03ufll_player_brief_ca
C8281AFF	ML07_se01_Helper_Recap
C82EDB84	Pawn_ST_Duty_ExamineMapPost
C86492DC	pawn_jackalrescue_entry_anchor
C88B766F	Pawn_ST_Abort_ExamineMap
C88C3AB0	sm00_se01_TaxiDriver_Drive_040
C8D0910A	ml04_se03_informant_Exit_idle
C90419E5	buddyrescue_event5
C931F81B	pawn_hmrhealth_standtocover
C94E5087	sm00_se01_TaxiDriver_Drive_140
C9A37B76	ML08_SE01_Boss_GreetAF
C9A3AB7F	sm11_se01apr_boss_recap_idle
C9A42C5A	sm03_se02a_marty_push
CA238A36	ML08_SE01_Helper_Rbst_B
CA6F92AD	pawn_gesture_fingerjabb
CA778561	sm10_se02_buddy_diala
CA814928	sm08_se01apr_boss_rbst
CAAF3389	pawn_gesture_shove
CAC81206	civilians_female01_reactionPre
CADEDFA7	Pawn_ST_Rest_Drink2Abort
CB2135E7	Pawn_ST_Abort_Crouch_Generic
CB4A2F32	sm08_se03_ufll_JackC_Rbst
CB5F11CB	pawn_hmrhealth_kneeidle_for_buddyunlock
CB646936	pawn_st_rest_scootoverasitpre
CB78E676	pawn_st_social_firstaidbabort
CB90FA06	Pawn_ST_Rest_SitChairV2
CBAAA344	Pawn_ST_Rest_Piss
CBAE1D70	Quadruped_HeadTwitch
CBB5A51D	pawn_gesture_handshruga
CBBBDDBA	Pawn_Generic_OpenDoor_Locked
CBDE4E0E	Pawn_ST_Duty_RefuelVehicle1Pre
CBF4AF02	Pawn_ST_Duty_MolotovReload
CBFC3E31	pawn_gesture_intimidatingV2
CC2D59E2	Locomotion
CC526E9A	cigarbox01
CC5D923C	Datsun
CC647209	pawn_gesture_covernosec
CCD7F1F7	Pawn_ST_Rest_Sit2Abort
CCF57D7B	sm11_se01apr_boss_pickupfile
CD04079B	sm04_se05_player_lyingbed_idle
CD52935D	sm08_se03ufll_player_brief_b0
CD6DF29A	Pawn_ST_Rest_PhoneTalkPost
CD6E7664	runturnanchor
CD9C0F85	Pawn_ST_Rest_PissPost
CDB01EB8	civilians_couple_male_reactionpre
CDCD012A	gm00_se01_exit_ac
CDD882F4	ML05_Base_Helper_Rbst_B
CE4480E1	ML07_se01_Helper_Offer
CE69DDFC	buddyrescue_event1
CEA08A18	ML06_SE01_Boss_Rbst_AA_AC
CECEBF6F	ML08_SE01_Boss_GreetAB
CEF90897	sm00_se01_Civilian2_Event_40
CF038E54	DLC1_Generic_Mounted_BaseLayer
CF1538CD	ChoregraphedScene
CF8CF013	sm06_se01ufll_boss_pickupfiles
CFA7739C	Pawn_ST_Rest_SitChairV1Abort
D034F1A9	ML03_SE01_Boss_Abort_AA
D08838F7	Rover
D08C18F7	Pawn_ST_Duty_ChopUpCarcassPre
D0BA1219	Pawn_Gesture_PutOutFlames
D0C50DCC	Pawn_Invalid_Animation
D0D0421A	Pawn_OpenBriefcase
D0FBFC1C	ML03_SE01_Helper_Rbst_AB_AD
D1155B67	ML08_SE01_Boss_Greet_Idle
D11B77CB	ML08_SE01_Helper_Abort_AA
D13BDDFB	sm01_se01_jackc_brief_all
D142AC99	ML12_SE01_Boss_Rbst_B
D1566304	ML05_Base_Boss_Rbst_B
D162DF29	sm08_se01apr_helper_exit
D1970BF1	sm00_se01_TaxiDriver_Drive_050
D1AFBC65	pawn_st_rest_scootoverasit
D1D15B44	ML12_SE01_Boss_GreetAF
D2249E72	ML11_SE01_Boss_Convo_Idle
D22778C5	sm02_se01ufll_boss_convo
D29C681A	pawn_generic_laddergetinwater
D2A7D4CE	ML11_SE01_Boss_Rbst_D
D3266C78	Pawn_ST_Rest_CrunchPost
D3774AF4	gm00_se01_chair
D3B3321A	Pawn_ST_Rest_SmokeOnChairAbort
D3C48351	ML01_SE03_ChiefsBrother_SitIdle
D3D82202	pawn_gesture_rollingforward
D3D85CE9	Pawn_Multi_LyingIdle
D3DBC151	ML06_SE01_Helper_Rbst_B
D3EBF3D8	sm04_se05_dogonbed01
D434E0D3	sm11_se01apr_boss_convo
D488E6F6	sm02_se01ufll_boss_rbst
D496C71A	ML10_SE01_Boss_Rbst_B
D4984C75	Guard_OpenMainDoor_Inside_Player
D4BECD94	pawn_gesture_intimidationSystem
D4CE848D	Pawn_Generic_GetOutWater
D4DEE2B4	3rdGe_FulB_Crouch2Blind_+000Fw_PrAk4_I1
D50FA93A	ML10_SE01_Boss_GreetAC
D5252240	Pawn_Multi_GoToLying
D52F581E	ML10_SE01_Helper_Recap_Idle
D532BED6	Pawn_Gesture_ThumbsUp
D58F0AEF	Pawn_ST_Duty_FixWeapon
D5A162A5	gm00_se01_wait
D5ABE7C1	Makarov
D5CD5DCD	pawn_gesture_TakeCover
D5D5EDC6	gm00_se02_PilesExchange
D60960B2	pawn_gesture_shha
D63953C7	ML08_SE01_Helper_Rbst_AA_AC
D64D1A7C	cine_civmale_walk02
D66A2B87	Pawn_ST_Rest_LeanWall1V3
D6A6882E	Pawn_Generic_ChangeSeat
D6B635D1	sm10_se02_guard01_wait01
D6BC9F5D	ML12_SE01_Boss_GreetAB
D6CE151C	buddyrescue_entry1
D6D82A65	Pawn_ST_Duty_AmmoReload1
D70298F0	ML07_se01_Helper_Convo_Idle
D71ACAF4	pawn_st_social_awalepre
D752F520	pawn_st_duty_firstaida
D7883068	weapcase_primary
D7BB2F7F	DLC_Quad_Driving
D7F45FC4	Pawn_Generic_DrivingVehicule
D84381E6	ML09_SE01_Helper_Rbst_C
D87C7184	sm04_se01_corpse02_idle
D8A22D28	Pawn_Generic_Die_Convulsion
D8BDEC64	pawn_gesture_interruptwaveb
D910D830	ML04_SE01_Helper_Convo
D934C057	ML08_SE01_helper_accept
D951D285	ML04_SE01_Helper_Accept_Idle
D9646E3C	Pawn_ST_Rest_TieShoesAbort
D988EED8	ML07_se01_Boss_Rbst_AA_AC
D98D0A29	pawn_st_duty_firstaidapost
D99A9F6F	Pawn_ST_Duty_CultivateField
D9D03D6F	pawn_gesture_MedicKilledPatient
DA11029A	civilians_male02_reactionPre
DA152BE0	ml06_se04_HandOverRing
DA177B54	pawn_st_duty_fishingpre
DA2B9AAE	ml01_se03_ChiefsBrother_Reaction
DA42D4CA	ML11_SE01_Helper_Rbst_C
DA57D15E	Pawn_HMR_HealthFailure
DA648680	pawn_gesture_middlefingerc
DA6EF97B	Pawn_Generic_Burn
DAA0C57F	pawn_gesture_LostTarget
DAB514CD	desk_alcool_lod0
DABB4230	Pawn_Generic_Die_HitReaction
DB327B08	Guard_OpenMainDoor_Outside
DB35957B	ML10_SE01_helper_accept
DB49EB0E	sm06_se01apr_boss_wait
DB6908B6	pawn_gesture_CloseToShootFriend
DBB49266	pkg_a3sm11_se01_apr
DBB845DC	ML02_SE01_Helper_Exit_Idle
DBC6608C	sm08_se03_apr_Player_Rbst
DBC6E107	sm02_se01apr_boss_exit
DBCD0CAD	ML09_SE01_Helper_Rbst_AB_AD
DBE4E44F	ML06_SE01_Helper_Exit_Idle
DBFCC2F7	ML01_SE01_Helper_Rbst_D
DC1A6DE8	sm06_se01apr_boss_exit_idle2
DCB0F735	gm00_se01_greet_brief_a
DCB5FE6F	pkg_a1lm01_se04
DD0FA376	ML02_SE01_Helper_Rbst_AA_AC
DD4D31B0	buddyrescue_killevent3
DD4DBAF9	pawn_st_rest_drinkbeercrateApost
DD755E33	ML12_SE01_Boss_Greet_Idle
DD7B729F	ML12_SE01_Helper_Abort_AA
DD8E7BBD	pawn_gesture_ShoutOrderV2
DE04F118	pawn_gesture_QuestionRelaxed
DE1248E3	pawn_st_social_firstaidb
DE32CE20	Pawn_ST_Rest_SitOnGroundV4Pre
DE33E507	pawn_hmrhealth_kneeshoot
DE6F7104	ML12_SE05_Teacher_SitIdle
DECFC895	ml05_base_helper_accept
DF1BACC7	pawn_gesture_KilledPartner
DF39E28B	Pawn_buddyrescue_FirstBlackout_Short
DF56BCDA	Pawn_ST_Social_DicePre
DF5860BA	Pawn_ST_Rest_SitOnGroundV3
DF8A0BE1	ml12_se05_informant_Greet
DF939CA7	pawn_hmrhealth_lyingshoot
DF99110C	Pawn_ST_Rest_SleepBedV3
DFA68740	pkg_a1sm01_se01
DFAF7A37	pkg_a2sm09_se05
E0246738	civilians_couple_reaction
E0473FFD	ML10_SE01_Boss_Abort_AA
E082DBFD	Pawn_ST_Rest_Sit3
E097CAA4	sm08_se01apr_helper_exit_idle
E0A5B854	ml01_se03_ChiefsBrother_Accept
E0B6BD3D	pawn_st_social_potatobabort
E0CDA9CF	Pawn_ST_Rest_SleepBedV2Pre
E0DCA0DE	sm05_se01a_voorhees_beckngreetdialexit
E0EEF140	sm06_se01apr_boss_recap_idle
E0F04398	ML04_SE01_Boss_Rbst_AA_AC
E11D30EC	ML10_SE01_Helper_Offer
E12BF5F1	ML07_se01_Helper_Greet_Idle
E153031F	SM16_SE01_Jack_Exit
E193B36A	ML05_Base_Helper_Rbst_AB_AD
E1B6C6DA	Pawn_Gesture_BlahBlah
E1B91580	sm10_se02_buddy_wait02
E1BF3571	ML04_SE01_Boss_Rbst_D
E1D05DCA	pawn_st_duty_fishingpost
E1DBA671	pkg_a2lm07_se04
E1E3CB6B	ML04_SE01_Helper_Rbst_AB_AD
E2466AD1	ML08_SE01_Boss_Abort_AA
E25A4D26	ML07_se01_Boss_Rbst_B
E270781A	DLC_Unimog_RepairVehicule_Start
E27682DE	pawn_st_rest_watchtvabort
E2D453D5	turret_mk19
E2E47B6C	pawn_gesture_AskingForHelpV2
E2EEC5F2	Pawn_ST_Rest_SitonGroundV4Abort
E315C207	sm08_se03_apr_player_greet_00
E3956E0D	Pawn_ST_Rest_LeanHoriz1Pre
E3A16973	sm00_se01_TaxiDriver_Drive_070
E3C35969	ML03_SE01_Helper_PickUp_File
E3F66FA7	Pawn_BuddyDown_BuddyNeutral
E403DFDF	ML11_SE01_Helper_Abort_AA
E40DF373	ML11_SE01_Boss_Greet_Idle
E41717F0	pawn_buddydown_cradlegunchinexecute
E4472E87	sm02_se01apr_boss_convo
E4680B4C	sm08_se03apr_jackc_brief_b0
E46B5EF2	ML06_SE01_Boss_Rbst_D
E476CE37	Pawn_ST_Rest_LeanVTPost
E49520B4	pawn_gesture_handsup1gun
E4F88D46	pkg_a3sm16_se02a
E4FB28A2	sm11_se01ufll_boss_rbst
E50A4005	sm08_se01ufll_boss_exit_idle
E539E2E5	pawn_BU05_cradleheal
E592F167	ML01_SE01_Boss_Convo
E5BD6213	ML05_Base_Boss_Abort_AA
E5CB3D43	AK47
E5D64798	pkg_a1gm00_se01
E67964B1	ML01_SE01_Helper_Abort_AB
E6A6E47E	pawn_gesture_fingercounting
E6C279D3	pawn_generic_jump_First
E6C48C93	Pawn_Gesture_Stop
E6F27E4E	pkg_a2lm11_se05
E70F14D2	DLC1_SingleBulletReload_End
E710123D	MGL140
E73C3666	ML08_SE01_Boss_Convo_Idle
E765D26D	Dragunov
E768CA32	Pawn_Generic_Revive_Tag
E771AAF2	ML10_SE01_Helper_Recap
E79A558A	ML01_SE01_Helper_Convo
E79D4C6C	BodyWhaWha_BaseLayer_SitTable_ThenStand
E79F69D7	pawn_gesture_QuestionAlert
E7AF9D8E	BodyWhaWha_GestLayer_A2_IntLow
E81D1522	Pawn_ST_Abort_Patrol
E82B788F	pawn_buddydown_Execute
E82E76AA	ml07_se04_informant_Reaction
E8DEE0D5	Pawn_ST_Rest_SleepBedV2Abort
E8F28B24	ml00_base_Guard_ExitOpenIdle
E8F612B3	sm10_se02_guard02_GuardsEntrance
E95002CF	Pawn_Vehicle_Barge_End
E955AD84	sm03_se01_Rubben_Idle
E99A56B9	pawn_gesture_DiscouragementV1
E99B45E7	pawn_gesture_QuestionAlerted
E9D6A74C	sm00_se01_Police_Event_60
E9EC3E12	Pawn_ST_Rest_SitOnGroundV1Pre
E9F29A20	ML03_SE01_Boss_Rbst_B
EA311A9E	ML02_SE01_Helper_Rbst_C
EA4A0B15	sm00_se01_ConvoyDriver_Event100_Loop
EA5F30D2	VehicleRide_Driver
EAA419A1	BodyWhaWha_BaseLayer_SitCouch
EAA5CC12	Pawn_Generic_RunUpperBody
EB087086	Pawn_ST_Rest_PhoneNoSignalPre
EB144A85	Pawn_ST_Rest_LeanVT
EB465B2F	ML03_SE01_helper_accept
EB5C3332	ML12_SE01_Boss_Convo_Idle
EB8E8C57	ML11_SE01_Boss_GreetAE
EB8F0CA3	ML12_SE01_Helper_Rbst_D
EBD5B22A	Pawn_ST_Social_DicePost
EBDCE583	pawn_st_social_firstaidbpre
EBE52E5A	sm05_se01a_dogonbed01
EBE59039	Transition_Watch_AdjustHand
EC0F94CA	sm03_se02a_marty_greet
EC26F1A3	ML01_SE01_Boss_Rbst_B
EC4CB05D	sm00_se01_Player_Idle
EC981013	Pawn_Gesture_BangBang
ECB94C39	sm08_se03ufll_jackc_exit_00
ECBC64D6	ML07_se01_Helper_Accept_Idle
ECC18105	sm06_se01ufll_boss_accept_idle
ECD0AA21	Pawn_ST_Rest_Exercise2Pre
ECE3484E	ML11_SE01_Boss_GreetAA
ECE4B290	Pawn_ST_Rest_Eat2
ECFE1031	ML07_SE04_DJLord_Talkmic_DialB_DialC_DialD
ED04787B	sm11_se01apr_boss_briefing
ED3333AF	sm03_se02b_civma2_convo_idle
ED58C27A	ML12_SE01_Boss_Offer
ED8E7754	jeepliberty
EE10E984	pawn_hmrhealth_carrywalk
EE3B480F	ML09_SE01_Helper_Convo
EE8DA4E1	cine_ruben
EEBEBFC2	Pawn_ST_Rest_LeanWall1V3Post
EED31E99	pawn_st_social_scootoverbsitpre
EEDB13BB	pawn_st_social_convohostile
EEE3F6E4	sm04_se03_jackc_wait
EEE4ACA5	Pawn_ST_Layer_Yawn
EF1D1F4B	ml01_se04_Victim_Stand_Idle
EF545E7F	pawn_st_social_spectatorduo
EF5493DB	pkg_a2lm08_se03b
EFBB463F	Pawn_ST_Rest_Sit2Pre
EFC389F4	ML02_SE01_Boss_Rbst_D
EFCFF593	sm08_se01ufll_boss_exit
F00CCA64	Pawn_ST_Duty_CultivateFieldInterrupt
F01452A6	ML09_SE01_Boss_Convo_Idle
F04B0A7F	Pawn_ST_ChickenSitPre
F04F9A02	ML09_SE01_Boss_GreetAD
F07612E8	ML04_SE01_Helper_Rbst_D
F0A80DB4	sm16_se02b_player_handoverbriefcase
F0BFA0B1	ml01_se03_ChiefsBrother_Sit_idle
F0CE0D5B	ML02_SE01_Helper_Offer
F120C1E3	Pawn_ST_Rest_LeanHoriz2Pre
F14992C4	Pawn_Gest_IntimidationStand
F1597044	Pawn_ST_Rest_DrinkPost
F181AD37	ML01_SE01_Helper_Recap_Idle
F205CC9D	ML05_Base_Boss_Rbst_AA_AC
F20D79A7	Pawn_ST_Social_Awale
F247456C	Pawn_ST_Abort_Guard1
F2780621	Pawn_ST_Rest_SleepBedV1Pre
F2D2679A	Pawn_Generic_Wait
F3191B46	pkg_a2sm05_se01a
F32597B3	ML10_SE01_Boss_Greet_Idle
F32BBB1F	ML10_SE01_Helper_Abort_AA
F353F761	DLC1_Wait
F35E368F	Pawn_ST_Rest_LeanHoriz1Post
F4105B03	sm11_se01apr_boss_wait
F42222A3	ML12_SE05_Teacher_DialA
F4407CB7	Pawn_ST_Rest_PhoneTalk
F44A2A78	Pawn_ST_Rest_CrunchPre
F4550935	ML12_SE01_Helper_Rbst_AB_AD
F46DC48B	pawn_st_abort_sitchair
F47EBEB9	pawn_st_duty_sniperspottera
F49D37AF	ML11_SE01_Helper_Greet_Idle
F51769A5	pawn_gesture_beckonfarwavestand
F51E453C	Pawn_ST_Rest_Eat1Post
F55737D7	sm11_se01apr_boss_exit_idle2
F571B59A	Pawn_ST_Layer_TalkRadio
F5DA6CBD	pawn_gesture_LightFar
F5E2460A	3rdGe_FulB_BspExt01+000Fw_NoWep_I1
F6208F5A	pawn_gesture_handsup2gun
F637BEF4	sm06_se01ufll_boss_exit
F639D6FC	sm08_se01ufll_boss_greet_idle
F6447FA3	sm08_se01ufll_helper_wait
F67FAD7A	DLC1_Jam
F6951E3A	ML02_SE03_Politician_Greet
F6A1CF55	ML01_SE03_ChiefsBrother_DialB_Accept
F6A29745	ML02_SE01_Helper_Recap
F6A49817	ML07_se01_Boss_Offer
F6BD7EE6	pawn_social_aimedat_loop2
F73D6B13	ancor_safehouse_watchtv
F77AD29E	sm08_se01apr_helper_recap_idle
F7DC0D5D	sm03_se02b_ChurchAssault03
F7DD4A6C	BigTruck
F7EBB4AE	sm08_se01apr_boss_briefing
F8048304	sm00_se01_GuardRight1_Event_80
F817501A	Pawn_BuddyRescue_ExitPart2_Anchor
F851114E	ML03_SE01_Helper_Rbst_B
F85D2300	ml00_base_player_sitloop
F8CB89A6	Pawn_ST_Duty_CheckJar
F8E04A10	sm04_se01_corpse01_bounce
F927B764	pawn_hmrhealth_oncoveridleCOver
F956D123	pawn_st_social_firstaidbpost
F95DC5A6	sm03_se02a_marty_waita
F9968589	Pawn_ST_Rest_Lean1_rightpre
F9975F7A	ML05_Base_Boss_Offer
F9E6DE83	ML04_SE03_Informant_Greet_DialA
F9EA1904	sm00_se01_GuardLeft2_Event_80
F9EB2044	BodyWhaWha_BaseLayer_SitTable_ThenSit
F9EE8787	ML01_SE01_Boss_GreetAD
F9F0754B	Pawn_ST_Duty_WipingTable
F9F8BEB6	sm01_av01_dossieranchor
FA033D36	pawn_gesture_LookFar
FA104CB9	pawn_gesture_HurryUpV3
FA13A1FC	sm08_se03ufll_player_brief_aa
FA257C8D	ML08_SE01_Helper_PickUp_File
FA561937	ML07_se01_Boss_GreetAC
FA5DB1E0	ML03_SE01_Boss_GreetAE
FA5DE4C3	ML01_SE03_ChiefsBrother_DialA_Idle
FABA5832	sm00_se01_TaxiDriver_Drive_060
FACA2448	Pawn_ST_Duty_Guard3
FB2F703F	Pawn_ST_Layer_SmokePost
FB350BCA	ml09_se05_buddy
FB5991FC	Pawn_ST_Rest_SitOnGroundV2Pre
FB775FAF	ML09_SE01_Boss_Rbst_B
FB958F0A	Pawn_Generic_BulletReaction
FBAE4A47	pawn_hmrhealth_oncovershootout
FBBE21B6	ML06_SE01_Boss_Abort_AA
FBE2A415	sm04_se03_jackc_brief_aa
FC457AB5	Pawn_Generic_PlantedWeapon
FC6885EB	pawn_buddydown_CradleDegenerate1
FC79C1F0	pawn_st_social_collaborativesurveillancepre
FCCEB2AF	turret_m249
FCE57C24	stp_anchor
FD3075F9	ML03_SE01_Boss_GreetAA
FD464C7B	ML08_SE01_Boss_Rbst_D
FD58AD2D	Pawn_ST_Duty_ExamineMapPre
FD62FDCF	pawn_buddydown_cradleidle1
FD718B2A	ml00_base_Guard_DoorCloseIn
FD76C563	pawn_st_social_sniperspotterbpost
FDAE1EA4	Pawn_ST_Rest_Lean1
FDBCF727	pawn_buddydown_cradlegunchinidle
FDE52EA5	Pawn_ST_Rest_SitChairV1Post
FE1DF2B8	sm08_se03_ufll_JackC_Greet
FE4FC98B	DLC1_Draw
FE5CDCFA	pawn_st_duty_sniperspotterapost
FE64D406	sm10_se02_guard01_DialSpotB
FE6DE37D	ML07_SE03_Minister_Diala
FE9FE8A3	cine_civ04
FEA37A10	Pawn_Gesture_Frame
FECC89F6	BriefingReactions
FED60151	sofa01
FF190C14	sm03_se02a_marty_waitidle
FF58E3D4	sm11_se01apr_boss_accept_idle
FF5D7035	Pawn_Generic_Melee_Charge_Stop_FullBody
FF791383	Pawn_Generic_ProtectFromFire
FFCE5970	Pawn_Generic_Draw
FFEBF54A	Pawn_ST_Rest_SitonGroundV3Abort
FFEEF340	Pawn_ST_Layer_SmokePre
